"allow_credit_card","allow_money_back","allow_cash_on_delivery","allow_crypto","shop_id","payment_method_id"
"1","1","0","0","0","0"
"0","1","0","0","1","1"
"1","0","0","0","2","2"
"1","0","0","0","3","3"
"1","1","0","0","4","4"
"1","1","1","0","5","5"
"1","1","1","0","6","6"
"1","1","0","0","7","7"
"1","1","0","0","8","8"
"0","1","0","0","9","9"
"0","0","0","0","10","10"
"1","0","0","0","11","11"
"1","1","1","0","12","12"
"1","0","0","1","13","13"
"1","0","1","0","14","14"
"1","1","0","0","15","15"
"0","0","0","0","16","16"
"1","1","1","0","17","17"
"1","1","0","0","18","18"
"0","0","0","0","19","19"
"0","0","0","0","20","20"
"1","1","1","0","21","21"
"1","1","0","0","22","22"
"0","0","0","0","23","23"
"1","1","0","0","24","24"
"1","1","0","0","25","25"
"1","1","0","0","26","26"
"0","0","0","0","27","27"
"1","1","0","0","28","28"
"1","1","0","0","29","29"
"1","1","0","0","30","30"
"1","1","0","0","31","31"
"1","1","0","0","32","32"
"1","1","1","0","33","33"
"0","0","0","0","34","34"
"1","1","0","0","35","35"
"1","1","0","0","36","36"
"0","0","0","0","37","37"
"0","1","0","0","38","38"
"0","0","0","0","39","39"
"1","1","0","0","40","40"
"1","0","1","0","41","41"
"1","1","0","0","42","42"
"0","0","0","0","43","43"
"1","1","1","0","44","44"
"1","1","1","0","45","45"
"1","1","1","0","46","46"
"1","0","0","0","47","47"
"1","1","1","0","48","48"
"0","0","0","0","49","49"
"1","1","0","0","50","50"
"1","1","1","0","51","51"
"0","1","0","0","52","52"
"1","1","0","0","53","53"
"0","0","0","0","54","54"
"1","1","0","0","55","55"
"1","1","0","1","56","56"
"1","1","0","0","57","57"
"1","1","1","0","58","58"
"0","1","0","0","59","59"
"1","1","1","0","60","60"
"1","1","0","0","61","61"
"1","1","0","0","62","62"
"0","1","1","0","63","63"
"1","1","0","0","64","64"
"0","0","0","1","65","65"
"1","1","1","0","66","66"
"1","1","0","0","67","67"
"0","0","0","0","68","68"
"1","1","0","0","69","69"
"1","1","1","0","70","70"
"1","1","0","0","71","71"
"0","0","0","0","72","72"
"0","0","0","0","73","73"
"0","1","0","0","74","74"
"1","0","0","1","75","75"
"0","1","1","0","76","76"
"1","1","1","0","77","77"
"1","0","0","0","78","78"
"1","1","0","0","79","79"
"1","1","0","0","80","80"
"1","1","0","0","81","81"
"1","1","1","0","82","82"
"1","0","1","0","83","83"
"1","1","1","0","84","84"
"1","1","1","0","85","85"
"1","1","1","0","86","86"
"0","0","0","0","87","87"
"0","1","0","0","88","88"
"1","1","0","0","89","89"
"1","1","1","0","90","90"
"1","1","0","0","91","91"
"1","1","1","0","92","92"
"0","0","0","0","93","93"
"1","1","0","0","94","94"
"1","1","0","0","95","95"
"1","1","0","0","96","96"
"1","1","0","0","97","97"
"1","1","0","0","98","98"
"1","0","0","0","99","99"
"1","1","0","0","100","100"
"1","1","0","0","101","101"
"1","1","0","0","102","102"
"1","1","0","0","103","103"
"0","0","0","0","104","104"
"0","0","0","0","105","105"
"1","1","0","0","106","106"
"0","1","0","0","107","107"
"0","1","1","0","108","108"
"1","1","0","0","109","109"
"0","0","1","0","110","110"
"1","1","0","0","111","111"
"1","1","1","0","112","112"
"0","0","0","0","113","113"
"0","0","0","0","114","114"
"1","1","0","0","115","115"
"0","0","0","0","116","116"
"1","1","0","0","117","117"
"1","0","0","0","118","118"
"1","0","0","0","119","119"
"1","1","0","0","120","120"
"1","1","0","0","121","121"
"1","1","0","0","122","122"
"1","0","0","0","123","123"
"1","1","0","0","124","124"
"1","1","0","0","125","125"
"0","0","0","0","126","126"
"1","1","0","0","127","127"
"1","1","0","0","128","128"
"1","1","0","0","129","129"
"1","1","1","1","130","130"
"0","0","0","0","131","131"
"1","1","1","0","132","132"
"1","1","1","0","133","133"
"1","0","1","0","134","134"
"0","0","0","0","135","135"
"1","1","0","0","136","136"
"1","1","0","0","137","137"
"1","1","0","0","138","138"
"1","1","0","0","139","139"
"1","1","1","0","140","140"
"0","0","0","0","141","141"
"1","1","1","1","142","142"
"1","1","0","0","143","143"
"0","0","0","0","144","144"
"1","1","1","0","145","145"
"1","1","1","0","146","146"
"1","1","0","0","147","147"
"1","1","0","0","148","148"
"0","0","0","0","149","149"
"1","1","1","0","150","150"
"1","1","1","0","151","151"
"1","1","0","0","152","152"
"1","1","0","0","153","153"
"1","1","1","0","154","154"
"1","1","1","0","155","155"
"1","1","0","0","156","156"
"1","1","1","0","157","157"
"0","0","0","0","158","158"
"1","1","0","0","159","159"
"0","1","0","0","160","160"
"1","1","1","0","161","161"
"0","0","0","0","162","162"
"1","1","0","0","163","163"
"0","0","0","0","164","164"
"1","1","0","0","165","165"
"1","1","0","0","166","166"
"1","1","1","0","167","167"
"1","0","0","0","168","168"
"1","1","0","0","169","169"
"1","1","1","0","170","170"
"1","1","1","0","171","171"
"1","1","0","0","172","172"
"1","1","1","0","173","173"
"0","1","1","0","174","174"
"0","0","0","0","175","175"
"1","1","0","0","176","176"
"1","1","0","0","177","177"
"0","0","0","0","178","178"
"1","1","0","0","179","179"
"0","0","0","0","180","180"
"1","1","0","0","181","181"
"1","1","1","0","182","182"
"1","1","0","0","183","183"
"0","0","0","0","184","184"
"1","1","0","0","185","185"
"1","1","0","0","186","186"
"1","0","0","1","187","187"
"1","1","1","0","188","188"
"1","1","0","0","189","189"
"1","1","1","0","190","190"
"1","1","1","0","191","191"
"1","1","0","0","192","192"
"1","1","0","0","193","193"
"1","1","0","0","194","194"
"1","1","0","0","195","195"
"1","0","0","0","196","196"
"1","1","1","0","197","197"
"1","1","0","0","198","198"
"1","1","0","0","199","199"
"0","0","0","1","200","200"
"1","1","0","0","201","201"
"1","1","0","0","202","202"
"1","1","0","0","203","203"
"1","0","1","0","204","204"
"1","1","0","0","205","205"
"1","1","0","0","206","206"
"1","1","0","0","207","207"
"1","1","1","0","208","208"
"1","1","0","0","209","209"
"1","0","0","0","210","210"
"0","0","1","0","211","211"
"1","1","0","0","212","212"
"1","0","0","0","213","213"
"1","1","0","0","214","214"
"1","1","1","0","215","215"
"1","0","0","0","216","216"
"0","0","0","0","217","217"
"1","1","0","0","218","218"
"1","1","1","0","219","219"
"1","1","0","0","220","220"
"1","1","0","0","221","221"
"1","1","0","0","222","222"
"1","1","1","0","223","223"
"1","0","1","1","224","224"
"1","1","0","0","225","225"
"0","1","0","0","226","226"
"1","1","0","0","227","227"
"1","0","1","0","228","228"
"0","1","0","1","229","229"
"1","1","1","0","230","230"
"1","1","0","0","231","231"
"1","1","0","0","232","232"
"1","1","1","0","233","233"
"0","0","0","0","234","234"
"0","0","0","0","235","235"
"1","1","1","0","236","236"
"1","1","0","0","237","237"
"0","0","0","0","238","238"
"0","0","1","0","239","239"
"0","1","1","0","240","240"
"1","1","1","0","241","241"
"1","1","0","0","242","242"
"1","1","1","0","243","243"
"0","0","1","0","244","244"
"1","1","0","0","245","245"
"1","1","0","0","246","246"
"1","0","0","0","247","247"
"0","0","0","0","248","248"
"0","0","0","0","249","249"
"1","1","0","0","250","250"
"1","0","0","0","251","251"
"0","1","0","0","252","252"
"1","1","0","0","253","253"
"1","1","1","0","254","254"
"0","0","1","0","255","255"
"1","1","1","0","256","256"
"1","1","1","0","257","257"
"0","1","0","0","258","258"
"0","0","0","0","259","259"
"0","0","0","0","260","260"
"1","1","0","0","261","261"
"1","0","0","0","262","262"
"0","1","0","0","263","263"
"1","0","0","0","264","264"
"0","0","0","0","265","265"
"1","1","0","0","266","266"
"1","1","0","0","267","267"
"1","1","0","0","268","268"
"1","1","0","0","269","269"
"1","1","1","1","270","270"
"1","1","0","0","271","271"
"1","1","0","0","272","272"
"1","1","0","0","273","273"
"1","1","0","0","274","274"
"1","1","0","0","275","275"
"1","1","0","0","276","276"
"1","1","0","0","277","277"
"0","0","0","1","278","278"
"1","1","0","0","279","279"
"1","1","1","0","280","280"
"1","1","0","0","281","281"
"1","1","1","0","282","282"
"1","0","0","0","283","283"
"1","1","0","0","284","284"
"0","0","0","0","285","285"
"0","0","0","0","286","286"
"0","0","0","0","287","287"
"1","1","1","0","288","288"
"1","1","0","0","289","289"
"1","1","0","0","290","290"
"1","1","0","0","291","291"
"1","1","1","0","292","292"
"1","0","0","0","293","293"
"1","1","0","0","294","294"
"1","0","0","0","295","295"
"1","1","0","0","296","296"
"1","1","0","0","297","297"
"1","1","0","0","298","298"
"1","1","0","0","299","299"
"1","1","0","0","300","300"
"0","0","0","0","301","301"
"1","1","0","0","302","302"
"1","1","0","0","303","303"
"1","1","0","0","304","304"
"1","1","0","0","305","305"
"1","0","0","0","306","306"
"1","1","0","0","307","307"
"1","1","0","0","308","308"
"1","1","0","0","309","309"
"0","0","0","0","310","310"
"1","1","0","0","311","311"
"1","1","0","0","312","312"
"1","0","0","0","313","313"
"1","1","1","1","314","314"
"0","0","0","0","315","315"
"1","1","0","0","316","316"
"1","1","0","0","317","317"
"1","1","0","0","318","318"
"1","1","0","0","319","319"
"1","0","0","1","320","320"
"1","1","0","0","321","321"
"0","0","0","0","322","322"
"1","0","0","0","323","323"
"0","1","0","0","324","324"
"1","1","1","0","325","325"
"1","0","1","1","326","326"
"0","0","0","0","327","327"
"1","1","1","0","328","328"
"1","1","0","0","329","329"
"1","1","1","0","330","330"
"1","1","0","0","331","331"
"1","0","1","0","332","332"
"0","0","0","0","333","333"
"1","1","0","0","334","334"
"0","0","0","0","335","335"
"0","0","0","0","336","336"
"1","1","0","0","337","337"
"0","0","0","0","338","338"
"1","1","1","0","339","339"
"0","0","0","0","340","340"
"1","1","0","0","341","341"
"1","1","0","0","342","342"
"1","1","0","0","343","343"
"1","1","0","0","344","344"
"1","1","1","0","345","345"
"0","0","0","0","346","346"
"1","1","0","0","347","347"
"0","0","0","0","348","348"
"0","1","0","0","349","349"
"0","0","0","0","350","350"
"1","1","0","0","351","351"
"1","1","0","0","352","352"
"0","0","0","0","353","353"
"1","0","1","0","354","354"
"1","1","0","0","355","355"
"1","1","0","0","356","356"
"1","1","0","0","357","357"
"1","0","1","0","358","358"
"0","0","0","0","359","359"
"1","1","0","0","360","360"
"1","1","1","0","361","361"
"1","1","1","0","362","362"
"0","1","0","0","363","363"
"1","1","0","0","364","364"
"1","1","0","0","365","365"
"1","0","0","0","366","366"
"0","0","0","0","367","367"
"1","1","0","0","368","368"
"0","0","0","0","369","369"
"1","1","1","0","370","370"
"1","1","0","0","371","371"
"0","1","0","0","372","372"
"1","1","0","0","373","373"
"1","1","1","0","374","374"
"1","1","0","0","375","375"
"1","1","0","0","376","376"
"0","0","0","0","377","377"
"1","1","0","0","378","378"
"1","1","1","0","379","379"
"1","1","0","0","380","380"
"1","1","0","0","381","381"
"1","1","1","0","382","382"
"0","0","0","0","383","383"
"1","1","0","0","384","384"
"1","0","0","0","385","385"
"1","1","0","0","386","386"
"1","1","0","0","387","387"
"1","1","0","0","388","388"
"1","1","0","0","389","389"
"1","1","1","0","390","390"
"1","1","0","0","391","391"
"1","1","0","0","392","392"
"1","1","0","0","393","393"
"1","0","0","1","394","394"
"1","1","0","0","395","395"
"0","1","0","0","396","396"
"1","1","0","0","397","397"
"1","1","0","0","398","398"
"1","1","0","0","399","399"
"0","1","0","0","400","400"
"1","1","0","0","401","401"
"1","1","1","0","402","402"
"1","1","0","0","403","403"
"1","1","0","0","404","404"
"1","1","0","0","405","405"
"1","1","0","0","406","406"
"0","0","0","0","407","407"
"1","1","0","0","408","408"
"0","1","1","0","409","409"
"1","1","0","0","410","410"
"0","0","0","0","411","411"
"1","1","1","0","412","412"
"1","1","0","0","413","413"
"1","1","0","0","414","414"
"1","1","0","0","415","415"
"1","1","1","0","416","416"
"0","0","0","0","417","417"
"1","1","1","0","418","418"
"1","1","1","0","419","419"
"1","1","1","0","420","420"
"1","1","0","0","421","421"
"0","0","0","0","422","422"
"1","0","0","0","423","423"
"0","0","0","0","424","424"
"1","1","0","0","425","425"
"1","1","1","0","426","426"
"1","1","0","0","427","427"
"1","1","1","0","428","428"
"0","0","0","0","429","429"
"1","1","0","0","430","430"
"0","0","0","0","431","431"
"0","0","0","0","432","432"
"1","1","1","1","433","433"
"1","1","1","0","434","434"
"1","1","0","0","435","435"
"1","1","1","0","436","436"
"1","0","0","0","437","437"
"1","1","1","0","438","438"
"1","1","0","0","439","439"
"1","0","1","0","440","440"
"1","1","0","0","441","441"
"1","1","1","0","442","442"
"0","0","0","0","443","443"
"0","0","0","0","444","444"
"0","0","1","1","445","445"
"1","1","1","0","446","446"
"1","1","0","0","447","447"
"1","1","0","0","448","448"
"1","1","0","0","449","449"
"1","0","0","0","450","450"
"1","1","0","0","451","451"
"0","1","0","0","452","452"
"1","1","0","0","453","453"
"1","1","0","0","454","454"
"1","0","0","0","455","455"
"0","0","0","0","456","456"
"1","1","1","0","457","457"
"1","1","0","0","458","458"
"1","1","0","0","459","459"
"1","1","0","0","460","460"
"1","1","0","0","461","461"
"1","1","0","0","462","462"
"1","1","0","0","463","463"
"1","1","1","0","464","464"
"0","1","0","0","465","465"
"0","1","0","0","466","466"
"1","1","1","0","467","467"
"1","0","0","0","468","468"
"1","0","0","0","469","469"
"0","1","1","1","470","470"
"1","1","0","0","471","471"
"1","1","0","0","472","472"
"1","1","0","0","473","473"
"1","0","0","0","474","474"
"0","0","0","0","475","475"
"1","1","0","0","476","476"
"1","1","0","0","477","477"
"1","1","0","0","478","478"
"1","1","0","0","479","479"
"1","1","0","0","480","480"
"1","1","0","0","481","481"
"1","1","0","0","482","482"
"1","0","1","0","483","483"
"1","1","0","0","484","484"
"1","1","0","0","485","485"
"0","0","0","0","486","486"
"1","1","1","0","487","487"
"1","1","0","0","488","488"
"1","1","0","0","489","489"
"1","1","0","0","490","490"
"1","1","0","0","491","491"
"1","1","0","0","492","492"
"0","0","0","0","493","493"
"1","1","1","0","494","494"
"1","1","0","0","495","495"
"0","1","0","0","496","496"
"1","1","0","0","497","497"
"1","0","1","0","498","498"
"1","1","0","0","499","499"
"0","0","1","0","500","500"
"0","0","0","0","501","501"
"0","0","0","0","502","502"
"1","1","0","0","503","503"
"0","0","0","1","504","504"
"1","0","0","0","505","505"
"1","1","0","0","506","506"
"1","1","0","0","507","507"
"1","0","0","0","508","508"
"0","0","0","0","509","509"
"0","0","0","0","510","510"
"1","1","0","0","511","511"
"0","0","0","0","512","512"
"1","1","0","0","513","513"
"1","1","0","0","514","514"
"1","1","0","0","515","515"
"1","1","0","0","516","516"
"1","1","0","0","517","517"
"1","1","0","0","518","518"
"1","0","0","0","519","519"
"1","1","1","0","520","520"
"1","1","1","0","521","521"
"0","1","0","0","522","522"
"1","1","0","0","523","523"
"1","1","0","0","524","524"
"0","0","0","0","525","525"
"1","0","1","0","526","526"
"0","0","0","0","527","527"
"0","0","0","0","528","528"
"1","1","0","0","529","529"
"1","1","1","0","530","530"
"1","1","0","0","531","531"
"1","1","0","0","532","532"
"1","1","1","0","533","533"
"1","1","0","0","534","534"
"1","1","0","0","535","535"
"1","1","0","0","536","536"
"1","1","0","0","537","537"
"1","1","0","0","538","538"
"0","0","0","0","539","539"
"1","1","0","0","540","540"
"1","1","1","0","541","541"
"1","1","1","0","542","542"
"1","0","0","0","543","543"
"1","1","0","0","544","544"
"1","0","1","0","545","545"
"1","1","0","0","546","546"
"0","0","0","0","547","547"
"1","1","0","0","548","548"
"0","0","0","0","549","549"
"1","1","0","0","550","550"
"1","1","0","0","551","551"
"0","0","0","0","552","552"
"1","1","0","0","553","553"
"0","0","0","0","554","554"
"1","0","0","1","555","555"
"1","1","0","0","556","556"
"1","1","0","0","557","557"
"0","1","0","0","558","558"
"1","1","0","0","559","559"
"1","1","1","0","560","560"
"0","1","0","0","561","561"
"1","1","0","0","562","562"
"0","0","0","0","563","563"
"1","1","0","0","564","564"
"1","1","0","0","565","565"
"1","0","1","0","566","566"
"1","1","0","0","567","567"
"1","0","1","0","568","568"
"1","1","1","0","569","569"
"1","1","1","0","570","570"
"1","1","0","0","571","571"
"1","1","0","0","572","572"
"1","1","0","0","573","573"
"1","1","0","0","574","574"
"1","1","1","0","575","575"
"1","1","0","0","576","576"
"1","1","1","0","577","577"
"1","1","1","1","578","578"
"0","0","1","0","579","579"
"1","1","0","0","580","580"
"1","0","0","0","581","581"
"1","1","1","0","582","582"
"1","1","0","0","583","583"
"1","1","0","0","584","584"
"1","1","0","0","585","585"
"1","1","1","0","586","586"
"1","1","1","0","587","587"
"1","1","1","0","588","588"
"1","1","1","0","589","589"
"1","1","0","0","590","590"
"1","1","0","0","591","591"
"1","1","0","0","592","592"
"1","1","1","0","593","593"
"1","1","0","0","594","594"
"0","0","0","0","595","595"
"1","1","0","0","596","596"
"1","1","1","0","597","597"
"1","1","0","0","598","598"
"1","1","0","0","599","599"
"1","1","0","0","600","600"
"1","1","0","0","601","601"
"0","0","1","0","602","602"
"1","0","0","0","603","603"
"1","1","1","0","604","604"
"0","1","0","0","605","605"
"1","1","1","0","606","606"
"1","1","0","0","607","607"
"0","0","1","0","608","608"
"1","1","0","0","609","609"
"1","1","0","0","610","610"
"0","0","1","0","611","611"
"1","1","0","0","612","612"
"0","1","0","0","613","613"
"0","0","0","0","614","614"
"1","1","0","0","615","615"
"1","0","1","0","616","616"
"1","1","1","0","617","617"
"0","0","0","0","618","618"
"1","1","0","0","619","619"
"1","1","0","0","620","620"
"1","1","0","0","621","621"
"1","0","0","0","622","622"
"0","1","1","0","623","623"
"0","0","0","0","624","624"
"0","0","0","0","625","625"
"0","1","0","0","626","626"
"1","1","0","0","627","627"
"1","0","1","0","628","628"
"1","1","1","1","629","629"
"1","0","0","0","630","630"
"1","1","0","0","631","631"
"0","0","1","0","632","632"
"1","1","1","0","633","633"
"1","1","0","0","634","634"
"1","1","0","0","635","635"
"1","1","1","0","636","636"
"1","1","0","0","637","637"
"1","1","1","0","638","638"
"0","0","0","0","639","639"
"1","1","0","0","640","640"
"1","1","0","0","641","641"
"0","0","0","0","642","642"
"1","0","0","0","643","643"
"1","1","0","0","644","644"
"1","1","0","0","645","645"
"1","0","0","0","646","646"
"0","1","0","0","647","647"
"1","1","1","0","648","648"
"0","0","0","0","649","649"
"1","1","1","0","650","650"
"1","1","0","0","651","651"
"1","1","1","0","652","652"
"1","1","0","0","653","653"
"1","1","1","0","654","654"
"0","0","0","0","655","655"
"0","0","0","0","656","656"
"1","0","1","0","657","657"
"1","1","0","0","658","658"
"1","1","0","0","659","659"
"1","1","0","0","660","660"
"1","1","0","0","661","661"
"1","1","0","0","662","662"
"1","1","0","0","663","663"
"0","0","0","0","664","664"
"1","1","0","0","665","665"
"1","1","0","0","666","666"
"1","1","0","0","667","667"
"1","1","0","0","668","668"
"1","1","0","0","669","669"
"1","1","0","0","670","670"
"1","1","0","0","671","671"
"0","0","0","0","672","672"
"1","1","0","0","673","673"
"0","1","0","0","674","674"
"1","1","0","0","675","675"
"1","1","1","0","676","676"
"0","0","0","0","677","677"
"1","1","1","0","678","678"
"0","0","0","0","679","679"
"1","1","0","0","680","680"
"1","1","0","0","681","681"
"1","1","1","0","682","682"
"1","1","0","0","683","683"
"0","0","0","0","684","684"
"0","0","0","0","685","685"
"1","1","0","0","686","686"
"0","1","1","0","687","687"
"1","0","1","0","688","688"
"1","1","0","0","689","689"
"1","1","0","0","690","690"
"1","1","0","0","691","691"
"1","1","1","1","692","692"
"1","1","1","0","693","693"
"1","1","0","0","694","694"
"1","1","1","0","695","695"
"1","1","0","0","696","696"
"0","0","0","0","697","697"
"1","1","0","0","698","698"
"1","1","0","0","699","699"
"1","0","0","0","700","700"
"1","0","0","0","701","701"
"0","0","0","0","702","702"
"0","0","0","0","703","703"
"0","0","0","0","704","704"
"0","0","0","0","705","705"
"0","0","0","0","706","706"
"1","1","0","0","707","707"
"1","1","1","0","708","708"
"0","0","0","0","709","709"
"0","0","0","0","710","710"
"1","1","0","0","711","711"
"1","1","0","0","712","712"
"1","1","1","0","713","713"
"0","1","1","0","714","714"
"1","1","1","0","715","715"
"1","1","0","0","716","716"
"1","1","1","0","717","717"
"0","0","0","0","718","718"
"1","1","0","0","719","719"
"1","0","0","0","720","720"
"0","0","0","0","721","721"
"0","0","0","0","722","722"
"0","0","0","0","723","723"
"1","1","0","0","724","724"
"0","0","0","0","725","725"
"1","1","0","0","726","726"
"1","1","0","0","727","727"
"1","1","1","0","728","728"
"1","1","0","0","729","729"
"0","1","1","0","730","730"
"0","0","0","0","731","731"
"1","1","0","0","732","732"
"1","1","1","0","733","733"
"1","1","1","0","734","734"
"1","0","0","0","735","735"
"1","1","0","0","736","736"
"0","1","0","0","737","737"
"1","1","1","0","738","738"
"0","1","1","0","739","739"
"0","0","0","0","740","740"
"1","0","0","0","741","741"
"1","1","1","0","742","742"
"1","1","0","0","743","743"
"1","1","0","0","744","744"
"1","1","0","0","745","745"
"1","1","0","0","746","746"
"0","1","0","0","747","747"
"1","1","0","0","748","748"
"0","1","0","0","749","749"
"1","1","0","0","750","750"
"1","1","0","0","751","751"
"1","1","0","0","752","752"
"1","1","0","0","753","753"
"1","0","0","0","754","754"
"0","0","0","0","755","755"
"1","1","0","0","756","756"
"0","0","0","0","757","757"
"0","1","0","0","758","758"
"0","0","0","0","759","759"
"0","0","0","0","760","760"
"1","0","0","0","761","761"
"0","0","1","0","762","762"
"0","0","0","0","763","763"
"1","1","0","0","764","764"
"0","0","0","0","765","765"
"1","1","0","1","766","766"
"1","1","0","0","767","767"
"1","1","0","0","768","768"
"1","1","0","1","769","769"
"1","1","0","0","770","770"
"0","1","0","0","771","771"
"1","1","0","0","772","772"
"1","1","1","0","773","773"
"1","1","0","0","774","774"
"1","1","0","1","775","775"
"0","0","0","0","776","776"
"1","1","0","0","777","777"
"0","0","0","0","778","778"
"1","1","0","0","779","779"
"1","0","1","0","780","780"
"1","1","1","0","781","781"
"1","1","0","0","782","782"
"1","1","1","0","783","783"
"1","0","0","0","784","784"
"0","0","0","0","785","785"
"1","1","0","0","786","786"
"1","1","0","0","787","787"
"1","1","1","0","788","788"
"1","0","1","0","789","789"
"1","1","1","0","790","790"
"1","1","0","0","791","791"
"1","1","0","0","792","792"
"1","0","1","0","793","793"
"1","1","0","0","794","794"
"1","1","0","0","795","795"
"0","0","0","0","796","796"
"1","1","0","0","797","797"
"1","1","0","0","798","798"
"1","1","0","0","799","799"
"1","0","0","0","800","800"
"1","1","0","0","801","801"
"1","1","0","0","802","802"
"1","1","0","0","803","803"
"0","0","0","0","804","804"
"1","1","0","0","805","805"
"1","0","0","1","806","806"
"1","1","0","0","807","807"
"0","0","0","0","808","808"
"1","1","0","0","809","809"
"1","0","0","0","810","810"
"1","1","0","0","811","811"
"1","1","0","0","812","812"
"1","1","0","0","813","813"
"1","1","0","1","814","814"
"1","1","0","0","815","815"
"1","1","1","0","816","816"
"1","0","0","0","817","817"
"1","1","0","0","818","818"
"1","1","1","0","819","819"
"1","1","0","0","820","820"
"1","1","0","0","821","821"
"1","1","0","0","822","822"
"1","1","1","0","823","823"
"1","1","0","0","824","824"
"1","0","0","0","825","825"
"1","0","1","0","826","826"
"1","1","0","0","827","827"
"1","1","0","0","828","828"
"1","1","0","0","829","829"
"0","0","0","0","830","830"
"0","1","0","0","831","831"
"1","1","0","0","832","832"
"1","1","0","0","833","833"
"0","0","0","0","834","834"
"1","1","1","0","835","835"
"1","1","0","0","836","836"
"1","0","0","0","837","837"
"1","1","0","0","838","838"
"1","1","0","0","839","839"
"1","1","0","0","840","840"
"1","1","0","0","841","841"
"0","1","0","0","842","842"
"1","1","0","0","843","843"
"1","1","1","0","844","844"
"1","1","0","0","845","845"
"1","1","1","0","846","846"
"0","0","0","0","847","847"
"1","1","0","0","848","848"
"1","0","1","1","849","849"
"1","1","0","0","850","850"
"1","1","0","0","851","851"
"1","1","0","0","852","852"
"1","1","0","0","853","853"
"0","0","0","0","854","854"
"0","0","0","0","855","855"
"1","1","0","0","856","856"
"1","1","0","0","857","857"
"0","0","1","0","858","858"
"1","1","0","0","859","859"
"0","0","0","0","860","860"
"1","1","0","0","861","861"
"0","1","0","0","862","862"
"1","1","0","0","863","863"
"1","1","0","1","864","864"
"1","1","1","0","865","865"
"1","1","1","0","866","866"
"1","0","1","0","867","867"
"1","1","0","0","868","868"
"1","1","0","0","869","869"
"0","0","0","0","870","870"
"1","1","0","0","871","871"
"1","1","0","0","872","872"
"1","1","1","0","873","873"
"1","1","0","0","874","874"
"1","1","1","0","875","875"
"0","0","0","0","876","876"
"1","1","1","0","877","877"
"1","1","1","0","878","878"
"1","1","0","1","879","879"
"1","1","0","0","880","880"
"1","1","1","0","881","881"
"1","1","1","0","882","882"
"1","0","0","0","883","883"
"0","0","0","0","884","884"
"1","1","0","0","885","885"
"1","1","1","0","886","886"
"0","0","0","0","887","887"
"1","1","0","0","888","888"
"0","0","0","0","889","889"
"1","1","0","0","890","890"
"1","1","1","0","891","891"
"1","1","0","0","892","892"
"0","0","1","0","893","893"
"0","0","1","0","894","894"
"1","1","0","0","895","895"
"0","0","0","0","896","896"
"0","0","0","0","897","897"
"1","1","0","0","898","898"
"1","1","1","0","899","899"
"1","1","1","0","900","900"
"1","1","1","0","901","901"
"0","1","0","0","902","902"
"1","1","0","0","903","903"
"1","1","0","0","904","904"
"1","1","0","0","905","905"
"1","1","0","0","906","906"
"1","1","1","0","907","907"
"1","1","0","0","908","908"
"1","1","0","0","909","909"
"1","1","1","0","910","910"
"1","1","0","0","911","911"
"1","1","1","0","912","912"
"1","1","0","0","913","913"
"0","0","0","0","914","914"
"1","0","0","0","915","915"
"0","1","0","0","916","916"
"1","1","0","0","917","917"
"0","0","0","0","918","918"
"1","0","0","0","919","919"
"1","1","0","0","920","920"
"1","1","0","0","921","921"
"1","1","0","0","922","922"
"0","0","1","0","923","923"
"1","1","0","0","924","924"
"0","0","0","0","925","925"
"1","0","0","0","926","926"
"1","1","0","0","927","927"
"0","0","0","0","928","928"
"0","0","0","0","929","929"
"1","1","0","0","930","930"
"1","1","0","0","931","931"
"1","1","0","0","932","932"
"1","1","0","0","933","933"
"1","1","0","0","934","934"
"1","0","0","0","935","935"
"0","0","0","0","936","936"
"1","1","0","0","937","937"
"1","1","0","0","938","938"
"1","1","0","0","939","939"
"1","1","0","0","940","940"
"1","1","0","0","941","941"
"1","1","0","0","942","942"
"0","0","0","0","943","943"
"1","1","0","0","944","944"
"1","1","0","0","945","945"
"1","1","1","0","946","946"
"1","0","0","0","947","947"
"1","1","1","0","948","948"
"1","0","0","0","949","949"
"1","1","1","0","950","950"
"1","1","0","0","951","951"
"1","1","0","0","952","952"
"1","1","0","0","953","953"
"1","1","1","0","954","954"
"1","1","0","0","955","955"
"1","1","0","0","956","956"
"1","1","0","1","957","957"
"1","1","0","0","958","958"
"0","0","0","0","959","959"
"1","1","0","0","960","960"
"1","0","0","0","961","961"
"1","1","0","0","962","962"
"0","0","0","0","963","963"
"1","0","1","0","964","964"
"1","1","0","0","965","965"
"0","0","0","0","966","966"
"1","1","0","0","967","967"
"1","1","0","0","968","968"
"1","1","1","0","969","969"
"1","1","0","0","970","970"
"1","1","0","0","971","971"
"1","1","1","0","972","972"
"1","1","1","0","973","973"
"1","1","0","0","974","974"
"0","1","0","0","975","975"
"1","1","0","0","976","976"
"1","1","1","0","977","977"
"0","0","0","0","978","978"
"1","0","1","0","979","979"
"1","1","1","0","980","980"
"0","0","0","0","981","981"
"1","1","1","0","982","982"
"1","1","0","0","983","983"
"1","0","0","0","984","984"
"1","1","0","0","985","985"
"0","0","0","0","986","986"
"1","1","1","0","987","987"
"0","1","0","0","988","988"
"1","0","1","0","989","989"
"1","1","0","0","990","990"
"0","0","0","0","991","991"
"1","1","1","0","992","992"
"1","1","0","0","993","993"
"1","1","0","0","994","994"
"1","1","1","0","995","995"
"1","1","0","0","996","996"
"1","1","0","0","997","997"
"0","0","0","0","998","998"
"1","0","0","0","999","999"
"1","1","1","0","1000","1000"
"1","1","0","0","1001","1001"
"1","1","1","0","1002","1002"
"0","0","0","0","1003","1003"
"1","0","0","0","1004","1004"
"0","0","0","0","1005","1005"
"1","1","0","0","1006","1006"
"0","0","0","1","1007","1007"
"1","1","0","0","1008","1008"
"1","1","0","0","1009","1009"
"1","1","1","0","1010","1010"
"1","1","0","0","1011","1011"
"1","1","0","0","1012","1012"
"1","1","0","0","1013","1013"
"1","1","0","0","1014","1014"
"0","0","0","0","1015","1015"
"0","0","0","0","1016","1016"
"1","1","0","0","1017","1017"
"1","1","1","0","1018","1018"
"1","1","0","0","1019","1019"
"0","1","0","0","1020","1020"
"1","1","0","0","1021","1021"
"1","0","0","1","1022","1022"
"1","1","0","0","1023","1023"
"1","0","0","0","1024","1024"
"1","1","0","0","1025","1025"
"0","1","1","0","1026","1026"
"1","1","0","0","1027","1027"
"1","1","1","0","1028","1028"
"1","1","0","0","1029","1029"
"0","1","1","0","1030","1030"
"1","1","0","0","1031","1031"
"1","1","0","0","1032","1032"
"1","1","0","0","1033","1033"
"0","0","0","0","1034","1034"
"1","1","0","0","1035","1035"
"1","1","0","0","1036","1036"
"1","1","0","0","1037","1037"
"1","1","1","0","1038","1038"
"1","1","0","0","1039","1039"
"0","0","0","0","1040","1040"
"1","1","1","1","1041","1041"
"0","0","0","0","1042","1042"
"1","1","0","0","1043","1043"
"1","1","0","0","1044","1044"
"1","1","0","0","1045","1045"
"1","1","0","0","1046","1046"
"1","1","0","0","1047","1047"
"1","1","0","0","1048","1048"
"1","0","0","0","1049","1049"
"1","1","0","0","1050","1050"
"0","1","0","0","1051","1051"
"1","1","0","0","1052","1052"
"1","0","1","0","1053","1053"
"1","0","0","0","1054","1054"
"1","1","1","0","1055","1055"
"1","1","0","0","1056","1056"
"1","1","1","0","1057","1057"
"1","0","0","0","1058","1058"
"1","1","1","0","1059","1059"
"1","1","1","0","1060","1060"
"1","1","0","0","1061","1061"
"0","0","0","0","1062","1062"
"1","1","1","0","1063","1063"
"0","0","0","0","1064","1064"
"1","0","0","0","1065","1065"
"1","1","0","0","1066","1066"
"0","0","0","0","1067","1067"
"1","0","1","0","1068","1068"
"1","1","0","0","1069","1069"
"1","1","0","0","1070","1070"
"1","1","1","1","1071","1071"
"1","1","0","0","1072","1072"
"1","1","0","0","1073","1073"
"0","0","0","0","1074","1074"
"0","0","0","0","1075","1075"
"1","1","0","0","1076","1076"
"1","1","0","0","1077","1077"
"0","1","0","0","1078","1078"
"1","1","0","0","1079","1079"
"1","1","0","0","1080","1080"
"0","0","0","0","1081","1081"
"1","1","1","0","1082","1082"
"0","0","0","0","1083","1083"
"1","1","0","0","1084","1084"
"1","1","0","0","1085","1085"
"0","0","0","0","1086","1086"
"1","1","1","0","1087","1087"
"1","1","0","0","1088","1088"
"1","1","0","0","1089","1089"
"1","1","1","0","1090","1090"
"1","1","0","0","1091","1091"
"1","1","0","0","1092","1092"
"1","1","0","1","1093","1093"
"1","1","0","0","1094","1094"
"0","1","0","0","1095","1095"
"1","1","1","1","1096","1096"
"1","1","0","0","1097","1097"
"1","1","0","0","1098","1098"
"1","1","0","0","1099","1099"
"0","0","0","0","1100","1100"
"1","1","1","0","1101","1101"
"1","1","1","0","1102","1102"
"0","0","0","0","1103","1103"
"1","1","1","0","1104","1104"
"1","1","1","0","1105","1105"
"1","0","1","0","1106","1106"
"1","1","0","1","1107","1107"
"1","1","1","0","1108","1108"
"0","0","0","0","1109","1109"
"1","1","0","0","1110","1110"
"1","1","0","0","1111","1111"
"1","0","0","0","1112","1112"
"1","1","0","0","1113","1113"
"1","0","0","0","1114","1114"
"1","1","1","0","1115","1115"
"1","1","0","0","1116","1116"
"1","1","1","0","1117","1117"
"1","0","0","0","1118","1118"
"1","1","0","0","1119","1119"
"1","1","0","0","1120","1120"
"1","1","1","0","1121","1121"
"0","0","0","0","1122","1122"
"1","1","0","0","1123","1123"
"1","0","0","0","1124","1124"
"1","1","1","0","1125","1125"
"1","1","0","0","1126","1126"
"0","0","0","0","1127","1127"
"1","1","0","0","1128","1128"
"1","1","1","0","1129","1129"
"1","1","0","0","1130","1130"
"1","1","0","0","1131","1131"
"1","1","0","0","1132","1132"
"1","1","0","0","1133","1133"
"1","1","0","0","1134","1134"
"1","1","0","0","1135","1135"
"1","0","0","0","1136","1136"
"1","1","0","0","1137","1137"
"1","1","0","0","1138","1138"
"0","0","1","0","1139","1139"
