"shop_id","domain_url","domain_registration_date","is_young_domain","contact_email","logo_url","legitimate"
"0","https://www.allaccessorybest.com","2023-05-15 03:35:00","1","0","0","0"
"1","https://www.b-watches.shop","2023-06-18 05:43:00","1","1","0","0"
"2","https://www.waeschenamen-windrath.de","","2","2","1","1"
"3","https://vendoprint.se","2022-09-20 00:00:00","1","2","1","1"
"4","https://www.newbikeland.com","2023-07-27 09:05:00","1","0","1","0"
"5","https://www.hats-storeofficial.com","2023-06-15 08:46:00","1","0","1","0"
"6","https://balaganstudio.com","2015-04-16 00:22:00","0","2","1","1"
"7","https://www.bootscleaner.com","2022-09-14 00:00:00","1","2","1","1"
"8","https://shop.tovarseasycleaning.com","2020-11-08 20:10:00","0","1","1","1"
"9","https://camerabebelusului.ro","2012-10-23 00:00:00","0","2","1","1"
"10","https://www.kaffee-partner-shop.de","","2","0","1","1"
"11","https://www.vitobaldai.lt","2015-04-10 00:00:00","0","1","1","1"
"12","https://www.mcsport.ie","2002-10-20 00:00:00","0","2","1","1"
"13","https://www.family-pills.com","2015-11-30 13:10:00","0","0","0","0"
"14","https://www.ebnblog.com","2022-10-13 08:04:00","1","0","0","0"
"15","https://www.mrmarvis.com","2015-09-14 16:00:00","0","2","1","1"
"16","https://www.dirksen-container.com","2023-02-09 12:50:00","1","2","0","0"
"17","https://www.kindermobelre.com","2022-10-19 02:07:00","1","0","1","0"
"18","https://www.hard-wear.com","2004-10-11 16:40:00","0","3","1","1"
"19","https://www.kling-rasenmaher.com","2023-03-24 10:15:00","1","0","1","0"
"20","https://apoteknorsk24.com","2022-06-19 08:45:00","0","0","1","0"
"21","https://www.ladders-sale.com","2023-05-05 07:42:00","1","0","1","0"
"22","https://www.vogueon-sale.com","2023-06-29 06:20:00","1","0","1","0"
"23","https://idealica-official.store","2022-05-30 00:00:00","0","2","1","0"
"24","https://www.gearknifeshop.com","2023-07-12 00:00:00","1","0","0","0"
"25","https://dakonda.com/en","2009-01-30 17:19:00","0","2","1","1"
"26","https://www.svijet-boca.hr","2022-08-15 22:00:00","1","0","1","1"
"27","https://nangroupholdings.com","2023-03-15 00:00:00","1","2","1","0"
"28","https://www.fashionclothingde.com","2023-06-20 02:30:00","1","0","1","0"
"29","https://www.dortex.com","1999-05-18 23:05:00","0","2","1","1"
"30","https://www.presentationload.com","2006-08-03 12:34:00","0","0","1","1"
"31","https://www.golfseriesof.com","2023-07-20 08:27:00","1","0","1","0"
"32","https://www.cutestthings.com","2002-06-26 03:26:00","0","2","1","1"
"33","https://coloraydecor.com","2017-01-26 08:28:00","0","2","1","1"
"34","https://tractorexpress.co.za","2023-02-16 00:00:00","1","2","1","0"
"35","https://www.bikeoccur.com","2023-07-21 00:00:00","1","0","1","0"
"36","https://www.thekitchengears.com","2023-08-04 01:28:00","1","0","1","0"
"37","https://www.genzfshop.com","2023-06-23 05:43:00","1","0","0","0"
"38","https://nelly.com","1997-06-25 04:00:00","0","2","1","1"
"39","https://www.b2bglobalchemicalmerchandise.co.za","2022-10-22 00:00:00","1","2","1","0"
"40","https://greenesshoes.com","2010-05-02 18:35:00","0","2","1","1"
"41","https://www.handlebarneu.com","2023-04-11 02:42:00","1","0","0","0"
"42","https://www.mandmdirect.com","2005-07-08 13:05:00","0","0","1","1"
"43","https://bestgenericpills24.com","2022-05-11 08:18:00","0","0","1","0"
"44","https://hattshoppen.se","2019-04-28 00:00:00","0","2","1","1"
"45","https://homefocus.ie","2005-09-25 00:00:00","0","0","1","1"
"46","https://www.marksandspencer.com","1998-03-17 05:00:00","0","1","1","1"
"47","https://reklamospasaulis.lt","2021-08-27 00:00:00","0","2","1","1"
"48","https://egarazas.lt","2012-11-14 00:00:00","0","2","1","1"
"49","https://www.formulierengigant.nl","2010-01-19 00:00:00","0","2","1","1"
"50","https://babylachelt.de","","2","2","1","0"
"51","https://babyplus.store","2018-07-17 00:00:00","0","0","1","1"
"52","https://rickelproductsltd.com","2022-05-13 19:17:00","0","2","0","0"
"53","https://lavenus.com","1997-12-05 05:00:00","0","2","1","1"
"54","https://onlygenericonline.com","2016-12-06 14:31:00","0","0","1","0"
"55","https://www.yafvwg.store","2023-07-06 00:00:00","1","3","1","0"
"56","https://mybrand.shoes/el","2014-08-04 17:04:00","0","2","1","1"
"57","https://www.kuoteshome.com","2023-06-06 00:00:00","1","0","0","0"
"58","https://www.obrienswine.ie","2000-06-12 00:00:00","0","2","1","1"
"59","https://buyhealthandcaremeds.com","2015-02-12 14:48:00","0","0","1","0"
"60","https://conteshop.com","2013-12-09 08:24:00","0","2","1","1"
"61","https://www.manualtoolthree.com","2023-06-20 01:36:00","1","0","1","0"
"62","https://thecoffeeminer.com","2021-08-30 11:18:00","0","1","0","1"
"63","https://www.kimjooguan.com","2009-11-12 10:02:00","0","2","1","1"
"64","https://www.sitebadminton.com","2023-07-21 05:46:00","1","0","1","0"
"65","https://www.primexpulse.com","2023-06-29 00:00:00","1","2","0","0"
"66","https://www.xandres.com/be_en","1998-08-17 04:00:00","0","2","1","1"
"67","https://www.edgetoolhub.com","2023-07-10 00:00:00","1","0","1","0"
"68","https://www.currys.ie","1999-06-15 00:00:00","0","0","1","1"
"69","https://www.bivouac-new.com","2023-06-26 07:49:00","1","0","1","0"
"70","https://www.evanscycles.com","1998-11-09 05:00:00","0","2","1","1"
"71","https://permastik.com","2016-09-02 06:57:00","0","3","1","1"
"72","https://www.feststehendemesserde.com","2023-03-31 02:44:00","1","3","1","0"
"73","https://sebhy.online","2023-07-27 06:57:00","1","2","0","0"
"74","https://naturasanat.com/en","2003-01-20 02:46:00","0","1","1","1"
"75","https://darknet-shop.net","2021-09-21 12:03:00","0","0","1","0"
"76","https://nobananas.com","1999-12-22 05:19:00","0","3","1","1"
"77","https://www.theorchard.ie","2006-10-18 00:00:00","0","2","1","1"
"78","https://www.thebookishshop.shop","2023-05-09 11:43:00","1","0","0","0"
"79","https://www.bestsellersride.com","2023-04-04 00:00:00","1","0","1","0"
"80","https://www.fitathletenation.com","2023-05-24 00:00:00","1","0","0","0"
"81","https://edelweiss-mode.com","2023-05-03 00:00:00","1","2","1","0"
"82","https://eur.vevor.com","2009-12-28 19:35:00","0","0","1","1"
"83","https://rovana.lt","2023-05-19 00:00:00","1","2","1","1"
"84","https://plus.parts","2015-03-11 11:17:00","0","2","1","1"
"85","https://blitzhandel24.com","2019-06-27 21:36:00","0","0","1","1"
"86","https://www.boulanger.com","1996-05-30 04:00:00","0","0","1","1"
"87","https://celivaa.de","","2","2","1","0"
"88","https://megagear.online","2023-07-18 00:00:00","1","3","1","0"
"89","https://www.juvelyrikosnamai.lt","2018-01-05 00:00:00","0","2","1","1"
"90","https://www.goatauthentic.com/en","2019-06-15 14:00:00","0","2","1","1"
"91","https://fiskedeal.dk","2017-07-05 00:00:00","0","0","1","1"
"92","https://www.pickledfoodonline.com","2023-06-30 06:38:00","1","0","1","0"
"93","https://dviraciu-laikikliai.lt","2007-11-29 00:00:00","0","0","1","1"
"94","https://www.diekuchetoolrabatt.com","2023-06-21 03:16:00","1","0","1","0"
"95","https://www.usstorejewelry.com","2023-05-12 03:18:00","1","0","0","0"
"96","https://clothingbetter.com","2023-05-06 00:00:00","1","0","1","0"
"97","https://www.obtainfish.com","2023-07-19 07:48:00","1","0","0","0"
"98","https://www.playjuggling.com/it","2006-09-25 19:05:00","0","1","1","1"
"99","https://trusted-help.com","2018-12-07 14:54:00","0","0","1","0"
"100","https://www.onepointequip.com","2023-02-24 10:49:00","1","0","1","0"
"101","https://www.sunware.com/nl-nl","2002-07-31 17:03:00","0","0","1","1"
"102","https://www.halloween-kleider.com","2023-05-27 01:16:00","1","0","1","0"
"103","https://www.santaeulalia.com/es","1999-02-05 05:00:00","0","2","1","1"
"104","https://www.bikefahrradonline.com","2023-04-02 00:00:00","1","0","1","0"
"105","https://pulguinhas.pt","","0","2","1","1"
"106","https://www.backpacksschritte.com","2023-04-26 05:50:00","1","0","1","0"
"107","https://www.constrmall.com","2021-11-17 11:45:00","0","2","1","0"
"108","https://www.jeans24h.eu","","2","2","1","1"
"109","https://www.heavins.ie","2015-09-24 00:00:00","0","1","1","1"
"110","https://e-sodotechnika.lt","2011-08-01 00:00:00","0","2","1","1"
"111","https://www.korda-fishing.com","2023-01-14 06:43:00","1","0","0","0"
"112","https://www.dealshop.lt","2020-11-25 00:00:00","0","0","1","1"
"113","https://minoti.com/en","2004-08-28 04:58:00","0","0","1","1"
"114","https://www.bikerabatt.com","2023-04-07 00:00:00","1","0","1","0"
"115","https://www.essentiel-shoe.com","2023-04-13 03:28:00","1","0","1","0"
"116","https://otcantabuse.com","2019-12-09 21:21:00","0","0","1","0"
"117","https://www.furnitureor.com","2023-06-13 05:40:00","1","0","1","0"
"118","https://www.lederzentrum.de","","2","3","1","1"
"119","https://www.pharmacy-xl.org","2017-07-21 20:16:00","0","0","1","0"
"120","https://ka-risma.com","2019-05-03 07:53:00","0","2","1","1"
"121","https://pokal-total.de","","2","2","1","1"
"122","https://www.glamgarbshop.com","2023-06-15 08:02:00","1","0","1","0"
"123","https://www.better-shirts.de","","2","2","1","1"
"124","https://woodenamsterdam.com","2016-05-24 11:22:00","0","0","1","1"
"125","https://www.teebooks.co.uk","2013-09-23 00:00:00","0","1","1","1"
"126","https://www.shkshop.com","2008-09-09 12:16:00","0","2","1","1"
"127","https://theyamazakihome-europe.com","2020-05-14 05:43:00","0","3","1","1"
"128","https://www.furnituregibson.com","2023-07-03 07:01:00","1","0","0","0"
"129","https://www.dramaticmotion.com","2023-05-11 00:00:00","1","0","1","0"
"130","https://www.dunnesstores.com","1997-05-08 04:00:00","0","2","1","1"
"131","https://www.qstepsdelivery.com","2022-07-27 16:31:00","1","0","0","0"
"132","https://www.flexibleluxury.com","2023-03-27 00:00:00","1","0","1","0"
"133","https://www.shopmancini.com/en","2014-01-16 10:33:00","0","2","1","1"
"134","https://www.johnlewis.com","1997-12-31 05:00:00","0","3","1","1"
"135","https://ecosilkroad.com","2022-02-23 00:28:00","0","0","0","0"
"136","https://www.warmbedroom.com","2023-08-02 08:10:00","1","0","1","0"
"137","https://www.reality-bikes.com","2023-03-11 14:33:00","1","0","0","0"
"138","https://nydj.eu","","2","2","1","1"
"139","https://www.cosgearup.com","2023-06-27 07:39:00","1","0","0","0"
"140","https://www.markisenrabatt.com","2022-10-22 08:02:00","1","0","1","0"
"141","https://kooshatech.com","2014-01-15 15:47:00","0","2","1","1"
"142","https://www.tyent-europe.com","2012-08-08 11:42:00","0","2","1","1"
"143","https://www.fantasybikestore.com","2023-03-16 00:00:00","1","0","0","0"
"144","https://artificialgrass.ie","2009-06-28 00:00:00","0","3","1","1"
"145","https://vonroc.ie","2022-03-22 00:00:00","0","2","1","1"
"146","https://www.bicycledamsperde.com","2023-04-27 10:20:00","1","0","1","0"
"147","https://www.fishserious.com","2023-07-20 09:13:00","1","0","1","0"
"148","https://www.discountfine.com","2023-07-10 00:00:00","1","0","0","0"
"149","https://www.1potenzmittel.online","2023-03-06 12:54:00","1","0","1","0"
"150","https://www.mcelhinneys.com","1998-12-01 00:00:00","0","2","1","1"
"151","https://www.bergfreunde.eu","","2","2","1","1"
"152","https://eu.defacto.com","2002-03-27 19:07:00","0","3","1","1"
"153","https://hkontrade.com","2023-06-08 10:42:00","1","0","1","0"
"154","https://www.sprintis.eu","","2","0","1","1"
"155","https://www.vestrum-italy.com","2015-09-11 15:59:00","0","2","1","1"
"156","https://www.optcefurniture.com","2023-07-20 12:37:00","1","0","0","0"
"157","https://www.pianocarpet.nl/en","2008-06-03 00:00:00","0","0","1","1"
"158","https://www.ciatabs.com","2021-12-21 09:20:00","0","0","1","0"
"159","https://www.wearsdepot.com","2023-04-18 07:25:00","1","0","1","0"
"160","https://allegrolokalnie.pl","2019-03-25 15:06:00","0","0","1","1"
"161","https://www.gesundefamiliehaustiere.de","","2","1","0","0"
"162","https://www.approshop.com","2023-06-23 05:30:00","1","0","0","0"
"163","https://www.menstorewear.com","2023-06-15 05:47:00","1","0","1","0"
"164","https://imens-meds.net","2017-03-16 17:07:00","0","0","1","0"
"165","https://www.sukneliugausa.lt","2015-10-23 00:00:00","0","1","0","1"
"166","https://www.attire-vintage.com","2023-05-17 02:43:00","1","0","1","0"
"167","https://www.allbeauty.com","2001-11-13 03:09:00","0","1","1","1"
"168","https://www.epcc.co","2017-07-16 09:12:00","0","3","0","0"
"169","https://www.biomecarefor.com","2023-06-19 07:08:00","1","0","1","0"
"170","https://www.frilufgebote.de","","2","0","1","0"
"171","https://schoolbooks.ie","2004-04-22 00:00:00","0","2","1","1"
"172","https://www.officiellejordan.eu.com","1995-05-30 00:00:00","0","1","0","0"
"173","https://plasticbottleshop.eu","","2","0","1","1"
"174","https://haustechnikmeine.de","","2","0","1","0"
"175","https://supersklep.sk","2013-01-15 00:00:00","0","2","1","1"
"176","https://www.manypowertools.com","2023-06-25 06:01:00","1","0","1","0"
"177","https://www.householdchic.com","2023-05-25 00:00:00","1","0","1","0"
"178","https://bioenergieheizung.com","2022-11-08 19:07:00","1","2","1","0"
"179","https://www.chickiddos.com","2023-06-06 00:00:00","1","0","1","0"
"180","https://preautospare.com","2023-03-08 12:13:00","1","2","1","0"
"181","https://www.manytoolsforyou.com","2023-06-14 01:37:00","1","0","0","0"
"182","https://www.running-point.com","2019-11-21 10:27:00","0","2","1","1"
"183","https://www.dortex.se","2014-02-14 00:00:00","0","2","1","1"
"184","https://www.boboli.pt","2012-06-15 00:00:00","0","3","1","1"
"185","https://www.gerrybrownejewellers.ie","2010-11-23 00:00:00","0","3","1","1"
"186","https://www.gowblshop.com","2023-06-23 05:43:00","1","1","1","0"
"187","https://www.rendl.com","2002-05-01 00:00:00","0","2","1","1"
"188","https://www.halloweenspielen.com","2023-06-02 06:37:00","1","0","1","0"
"189","https://matar-athletics.com","2014-03-10 07:53:00","0","2","0","1"
"190","https://www.xn--kostme-6ya.com","2001-02-26 13:10:00","0","3","1","1"
"191","https://71workx.com","2013-01-03 08:05:00","0","0","1","1"
"192","https://www.latestfurnishing.com","2023-06-27 06:10:00","1","0","1","0"
"193","https://www.derabattfahrrad.com","2023-03-24 01:46:00","1","0","1","0"
"194","https://www.luxesilkwear.com","2023-06-13 07:23:00","1","0","1","0"
"195","https://www.dealtoolopt.com","2023-06-08 00:00:00","1","0","1","0"
"196","https://www.doktor-apotheke.com","2023-05-08 16:54:00","1","0","0","0"
"197","https://www.ducq.com","2005-12-25 10:42:00","0","2","1","1"
"198","https://tobeachsurf.com","2023-05-16 03:37:00","1","0","1","0"
"199","https://www.beautybuys.com","1998-12-18 00:00:00","0","2","1","1"
"200","https://outdoorliving.ie","2010-08-12 00:00:00","0","3","1","1"
"201","https://www.colorfulfootwear.com","2023-05-12 05:28:00","1","0","1","0"
"202","https://www.limit-outdoor.com","2023-08-03 06:47:00","1","0","1","0"
"203","https://www.fdfashions.com","2023-02-19 00:00:00","1","0","0","0"
"204","https://aktionheizung.de","","2","0","1","0"
"205","https://www.carrollsirishgifts.com","1999-11-10 16:00:00","0","2","1","1"
"206","https://www.againfaster.com","2006-06-02 18:27:00","0","2","1","1"
"207","https://www.airtoolsefficient.com","2023-07-07 00:00:00","1","0","1","0"
"208","https://www.angelgeschaft-prada.com","2023-05-23 00:00:00","1","0","1","0"
"209","https://www.shooos.cz","2011-04-24 19:37:00","0","1","1","1"
"210","https://borpillshop.com","2019-12-20 09:44:00","0","0","0","0"
"211","https://www.elcorteingles.com","1995-12-19 05:00:00","0","2","1","1"
"212","https://www.homewarefine.com","2023-07-07 06:04:00","1","0","1","0"
"213","https://maxpotenz.de","","2","0","1","0"
"214","https://www.alfrescodurable.com","2023-04-06 00:00:00","1","0","0","0"
"215","https://www.castiron-clothing.com","2003-04-04 08:31:00","0","2","1","1"
"216","https://www.elegance-decor.ro","2011-04-16 00:00:00","0","2","1","1"
"217","https://fivestarpharmacy.ie","2020-03-25 00:00:00","0","2","1","1"
"218","https://www.lights.ie","2009-03-02 00:00:00","0","2","1","1"
"219","https://www.blacksocks.com/en","1999-02-06 05:00:00","0","0","1","1"
"220","https://www.vibrantraiment.com","2023-05-10 03:41:00","1","0","1","0"
"221","https://www.accessorieslead.com","2023-03-20 00:00:00","1","0","1","0"
"222","https://www.boxinghobbybase.com","2023-07-19 00:00:00","1","0","1","0"
"223","https://www.arboretum.ie","2001-08-09 00:00:00","0","2","1","1"
"224","https://www.one-chaincapital.com","2023-08-01 06:33:00","1","0","1","0"
"225","https://www.murmann-verlag.de","","2","3","1","1"
"226","https://www.bestemeds.com","2023-01-21 23:45:00","1","0","1","0"
"227","https://www.bedroom-haven.com","2023-07-04 00:00:00","1","0","1","0"
"228","https://www.bringadharav.com","2022-10-14 06:19:00","1","0","0","0"
"229","https://get-rc.to","","0","0","1","0"
"230","https://www.jdsports.co.uk","1997-04-30 00:00:00","0","2","1","1"
"231","https://www.wardrobecheap.com","2023-07-03 05:02:00","1","0","1","0"
"232","https://www.graveilux.de","","2","0","1","0"
"233","https://www.dorothyperkins.com","1997-11-24 05:00:00","0","3","1","1"
"234","https://www.bauturaonline.ro","2012-10-04 00:00:00","0","2","1","1"
"235","https://lekarnaslo.com","2022-05-05 10:30:00","0","0","1","0"
"236","https://www.mccabespharmacy.com","1999-09-17 12:13:00","0","2","1","1"
"237","https://www.hobbiesbasketball.com","2023-07-07 03:34:00","1","0","1","0"
"238","https://herbatea-manufaktura.hu","","2","2","1","1"
"239","https://hightimesweedshop.com","2021-03-21 10:27:00","0","2","1","0"
"240","https://woolyorganic.com/en","2012-04-14 07:20:00","0","2","1","1"
"241","https://www.dsabunbadang.shop","2022-11-25 00:33:00","1","0","0","0"
"242","https://electo.shop","2022-09-07 16:34:00","1","2","1","0"
"243","https://kubilas.lt","2012-03-16 00:00:00","0","1","1","1"
"244","https://www.nextgensolar.co.za","2019-11-11 00:00:00","0","2","0","0"
"245","https://www.disneyrelate.com","2023-05-15 03:38:00","1","0","0","0"
"246","https://www.cheap-tool.com","2022-09-02 08:07:00","1","0","1","0"
"247","https://www.ambience.pt","","0","2","1","1"
"248","https://www.euvalentinogaravani.de","","2","0","1","0"
"249","https://www.demediz.com","2011-12-13 22:31:00","0","3","1","0"
"250","https://www.hometoolhub.com","2023-07-05 00:00:00","1","0","0","0"
"251","https://www.danfitzgeralds.com","2008-01-11 13:56:00","0","2","1","1"
"252","https://www.joe-nimble.com","2010-12-08 15:14:00","0","2","1","1"
"253","https://www.mallexercise.com","2023-05-26 02:51:00","1","0","1","0"
"254","https://www.edelmetall-handel.de","","2","3","1","1"
"255","https://mendebikes.de","","2","3","0","0"
"256","https://plastflaskershop.dk","2013-11-07 00:00:00","0","0","1","1"
"257","https://www.daunenjacken-shop.com","2022-11-25 05:39:00","1","0","1","0"
"258","https://www.lanade.de","","2","3","1","1"
"259","https://brfprimepoultryexporter.com","2023-03-28 07:56:00","1","3","0","0"
"260","https://www.fensterstopper.eu","","2","2","1","1"
"261","https://www.magicbodyfashion.net","2011-09-19 09:38:00","0","3","1","1"
"262","https://motorbike.lt","2016-07-22 00:00:00","0","0","0","1"
"263","https://axfritz.shop","","0","3","1","0"
"264","https://www.gedanusa.com","2022-06-27 01:55:00","0","0","1","0"
"265","https://farmacijahrvatska24.com","2022-05-13 09:21:00","0","0","1","0"
"266","https://www.gamezonemart.com","2023-06-15 08:45:00","1","0","0","0"
"267","https://www.menbrandwear.com","2023-06-15 02:37:00","1","0","0","0"
"268","https://www.footwearopt.com","2023-04-20 00:00:00","1","0","0","0"
"269","https://www.comfortablefeme.com","2023-05-15 03:17:00","1","0","0","0"
"270","https://www.newegg.com","2000-02-01 19:24:00","0","2","1","1"
"271","https://www.bestsellerspants.com","2023-05-31 00:00:00","1","0","1","0"
"272","https://www.accessoriestrade.com","2023-03-21 00:00:00","1","0","1","0"
"273","https://www.topstoreoffer.com","2023-07-18 10:21:00","1","0","1","0"
"274","https://pakkertrousers.com","2020-08-26 10:05:00","0","2","1","1"
"275","https://www.dulcine.de","","2","3","1","0"
"276","https://www.alfresco-offer.com","2023-06-21 05:53:00","1","0","1","0"
"277","https://www.all-roundsurfsale.com","2023-05-04 06:27:00","1","0","1","0"
"278","https://www.generika4u.eu","","2","0","1","0"
"279","https://guineys.ie","2014-02-03 00:00:00","0","2","1","1"
"280","https://extremehobby.com/en","2003-11-03 19:05:00","0","1","1","1"
"281","https://www.newgearvogue.com","2023-05-13 04:50:00","1","0","1","0"
"282","https://www.expert.ie","1997-03-04 00:00:00","0","2","1","1"
"283","https://www.shedsdirectireland.com","2010-04-30 11:48:00","0","3","1","1"
"284","https://wilkens-silber.de","","2","3","1","1"
"285","https://247blue.de","","2","0","1","0"
"286","https://www.accessoiresde.com","2023-05-19 03:40:00","1","0","0","0"
"287","https://skate-home.com/en","2011-05-28 06:36:00","0","2","1","1"
"288","https://www.coffeetablede.com","2023-06-28 07:03:00","1","0","1","0"
"289","https://green-spirit.de","","2","2","1","1"
"290","https://cycletribe.ie","2014-02-27 00:00:00","0","2","1","1"
"291","https://www.tamscar-audio.es","","2","2","1","1"
"292","https://www.superdrug.com","1999-09-23 10:48:00","0","2","1","1"
"293","https://besttaxidermymounts.com","2022-08-15 21:58:00","1","2","0","0"
"294","https://www.mylacambra.com","2010-11-30 11:57:00","0","2","1","1"
"295","https://luxon.lt","2012-02-15 00:00:00","0","2","1","1"
"296","https://fun-sport-vision.com","2003-07-11 00:27:00","0","2","1","1"
"297","https://www.makeusapparel.com","2023-04-03 00:00:00","1","0","0","0"
"298","https://no-excess.com","1996-07-08 04:00:00","0","2","1","1"
"299","https://www.child-vogue.com","2023-06-14 06:42:00","1","0","0","0"
"300","https://www.saleitemhome.com","2023-08-08 02:54:00","1","0","1","0"
"301","https://ridelegitimatelogistics.com","2023-02-11 07:53:00","1","2","1","0"
"302","https://www.stylistaland.com","2023-06-27 03:41:00","1","0","1","0"
"303","https://www.uspopattire.com","2023-08-08 03:42:00","1","0","1","0"
"304","https://www.garonsbeachome.com","2023-06-20 02:08:00","1","0","1","0"
"305","https://www.i-clip.com","2001-04-17 10:41:00","0","2","1","1"
"306","https://shoptr6.ferientipps.net","2022-07-14 03:44:00","1","3","0","0"
"307","https://stockaerobics.com","2023-05-10 02:34:00","1","0","0","0"
"308","https://campinet.pt","","0","2","1","1"
"309","https://www.knifebestech.com","2023-02-06 00:00:00","1","0","1","0"
"310","https://artificialtrees.ie","2011-11-10 00:00:00","0","3","1","1"
"311","https://www.bopsiz.store","2023-02-07 00:00:00","1","2","0","0"
"312","https://vestment.co.uk","2014-10-10 00:00:00","0","1","1","1"
"313","https://lumina.dk","2017-05-30 00:00:00","0","2","1","1"
"314","https://www.rijstextiles.com","2013-03-01 08:33:00","0","2","1","1"
"315","https://zahradni-lavice.cz","2021-08-23 17:09:00","0","0","1","1"
"316","https://www.optbagsite.com","2023-05-17 05:56:00","1","0","0","0"
"317","https://www.focenza.com","2015-06-18 15:53:00","0","2","1","1"
"318","https://cookinglife.eu","","2","2","1","1"
"319","https://lovelyknife.com","2023-05-15 03:13:00","1","0","0","0"
"320","https://yvipharmacy.com","2015-01-30 15:40:00","0","0","0","0"
"321","https://chiccouturez.com","2023-05-17 03:19:00","1","0","1","0"
"322","https://www.zasmobel.com","2007-11-26 12:10:00","0","2","1","1"
"323","https://www.audores.lt/lt","2010-02-23 00:00:00","0","2","1","1"
"324","https://www.cloudsiv.com","2023-06-02 00:00:00","1","1","1","0"
"325","https://goldendiscs.ie","1998-07-01 00:00:00","0","2","1","1"
"326","https://sidonas.lt","2007-08-02 00:00:00","0","2","1","1"
"327","https://zombiedash.eu","","2","1","1","1"
"328","https://www.mccauley.ie","2017-11-06 00:00:00","0","0","1","1"
"329","https://www.fadclothesus.com","2023-05-08 00:00:00","1","0","1","0"
"330","https://www.gesundhaustierehaus.com","2021-12-05 18:09:00","0","1","0","0"
"331","https://shiwi.com","1999-09-02 09:22:00","0","2","1","1"
"332","https://www.feworiesad.shop","","1","0","0","0"
"333","https://www.isomaster.dk","2003-05-09 00:00:00","0","2","1","1"
"334","https://www.stylishpaulin.com","2023-07-04 07:27:00","1","0","1","0"
"335","https://electro-worlds.shop","2023-01-05 00:00:00","1","2","1","0"
"336","https://aerialsilks.eu","","2","3","1","1"
"337","https://www.glasoflaskor.se","2012-09-04 00:00:00","0","0","1","1"
"338","https://www.exxpozed.com","2010-03-23 21:48:00","0","0","1","1"
"339","https://www.ardkeen.com","1999-06-18 08:17:00","0","2","1","1"
"340","https://kamagrastore24.org","2023-04-26 17:02:00","1","0","0","0"
"341","https://stevemadden.de","","2","3","1","1"
"342","https://dedicatednutrition.eu","","2","2","1","1"
"343","https://fixpart.ie/e","2022-04-12 00:00:00","0","2","1","1"
"344","https://www.stateofart.com/nl","1997-02-24 05:00:00","0","2","1","1"
"345","https://thesupernuts.com","2017-12-19 14:32:00","0","2","1","1"
"346","https://premiumsiliconereborn.com","2022-09-20 09:16:00","1","0","0","0"
"347","https://www.edgy-shop.com","2023-05-17 07:03:00","1","0","1","0"
"348","https://www.lekue.com/e","2000-05-10 07:08:00","0","2","1","1"
"349","https://merinotraveltech.com/en","2020-04-14 22:54:00","0","2","1","1"
"350","https://mounjaro-kaufen.com","2023-05-11 18:03:00","1","0","0","0"
"351","https://zusenzomer.com","2013-12-19 09:02:00","0","3","1","1"
"352","https://www.petdiscounters.com","1999-01-08 05:00:00","0","2","1","1"
"353","https://www.keen-sandalen.at","","2","0","1","0"
"354","https://www.crbsteru.shop","","1","0","0","0"
"355","https://www.markdownfadmerge.com","2023-04-22 00:00:00","1","0","0","0"
"356","https://calpabarcelona.com/en","2017-01-05 16:19:00","0","2","1","1"
"357","https://www.acessquad.club","2021-11-16 00:00:00","0","1","1","0"
"358","https://superbalist.com","2012-10-18 15:54:00","0","2","1","1"
"359","https://beaudoircosmeticsbv.com","2022-06-15 19:11:00","0","2","1","0"
"360","https://www.qualitytophome.com","2023-05-10 06:25:00","1","0","0","0"
"361","https://www.autozubehr.com","2022-10-25 06:04:00","1","0","1","0"
"362","https://www.adh-fishing.com","2012-03-12 14:58:00","0","0","1","1"
"363","https://gutehauswelpen.com","2023-02-16 22:01:00","1","2","1","0"
"364","https://breezekiss.shop","2021-11-04 10:07:00","0","2","0","0"
"365","https://www.discountscarpa.com","2022-09-14 02:58:00","1","0","0","0"
"366","https://www.eripo.lt","2012-08-31 00:00:00","0","2","1","1"
"367","https://www.euschuhe.de","","2","0","1","0"
"368","https://www.bright-kitchen.com","2015-08-03 00:00:00","0","3","0","1"
"369","https://depanten-gel.site","2022-04-21 00:00:00","0","2","1","0"
"370","https://www.shk-direkt24.de","","2","3","1","1"
"371","https://www.favoriteboxing.com","2023-07-17 00:00:00","1","0","1","0"
"372","https://www.frank1967.com","2015-08-14 14:30:00","0","2","0","1"
"373","https://oldestsweetshop.co.uk","1999-07-01 00:00:00","0","2","1","1"
"374","https://www.fahrzeugprada.de","","2","0","1","0"
"375","https://www.monsieurtshirt.eu","","2","3","1","1"
"376","https://www.carhartt.com/eu/en-e","1996-02-22 05:00:00","0","2","1","1"
"377","https://danmarkpotenspiller.com","2020-04-21 15:16:00","0","0","1","0"
"378","https://www.offergardentool.com","2023-07-26 01:36:00","1","0","1","0"
"379","https://www.swaens.nl/en","2011-08-28 00:00:00","0","0","1","1"
"380","https://www.garmentprous.com","2023-03-16 00:00:00","1","0","1","0"
"381","https://naturesuper.de","","2","3","0","0"
"382","https://www.tinybuddy.eu","","2","2","1","1"
"383","https://apoluna.space","2023-01-16 00:00:00","1","0","1","0"
"384","https://www.sportyraiment.com","2023-05-10 03:47:00","1","0","1","0"
"385","https://www.scholarathelite.com","2023-05-22 01:48:00","1","0","0","0"
"386","https://www.compressport.com/inter/en","2008-06-23 06:54:00","0","2","1","1"
"387","https://brandcutlery.com","2023-05-15 03:13:00","1","0","0","0"
"388","https://www.twidlamodern.com","2023-05-17 06:20:00","1","0","0","0"
"389","https://www.itemssurf.com","2023-04-10 00:00:00","1","0","1","0"
"390","https://www.bathtowelonsale.com","2023-05-31 01:47:00","1","0","1","0"
"391","https://www.zulily.com","2009-12-10 02:16:00","0","2","1","1"
"392","https://urbanmedley.com","2019-06-05 11:36:00","0","2","1","1"
"393","https://www.siouxshoe.com","2022-12-21 05:51:00","1","0","1","0"
"394","https://edmarketplace4all.com","2017-03-15 21:25:00","0","0","0","0"
"395","https://www.trtid.com","2023-04-17 09:08:00","1","3","0","0"
"396","https://www.fersay.com","1997-11-25 05:00:00","0","2","1","1"
"397","https://www.itemsclothus.com","2023-05-09 01:49:00","1","0","0","0"
"398","https://www.agradi.com","2001-09-11 16:09:00","0","2","1","1"
"399","https://www.msfashionattire.com","2023-03-16 00:00:00","1","0","1","0"
"400","https://www.tramasmas.pt","","0","1","1","1"
"401","https://www.carnivalstylish.com","2023-04-13 03:25:00","1","0","1","0"
"402","https://www.carraigdonn.com","1998-07-27 04:00:00","0","2","1","1"
"403","https://spaceclothus.com","2023-05-08 06:48:00","1","0","0","0"
"404","https://airfloppy.com","2022-05-20 14:17:00","0","2","1","1"
"405","https://www.knifestoresr.com","2023-06-06 00:00:00","1","0","1","0"
"406","https://www.usmodishsite.com","2023-06-13 06:36:00","1","0","0","0"
"407","https://www.litei.de","","2","2","1","1"
"408","https://www.lscodockersat.com","2023-06-06 00:00:00","1","0","1","0"
"409","https://www.karmenbeauty.lt/lt","2021-11-23 00:00:00","0","0","0","1"
"410","https://www.outletgardener.com","2022-09-20 06:24:00","1","3","1","0"
"411","https://biortopedicos.com","2017-10-24 19:10:00","0","2","1","1"
"412","https://www.bluewheel.de","","2","3","1","1"
"413","https://www.usmodelset.com","2023-07-10 07:09:00","1","0","1","0"
"414","https://www.assemblyoflamps.com","2023-07-04 08:18:00","1","0","1","0"
"415","https://www.fashionesta.com/en-int","2003-11-07 14:53:00","0","2","1","1"
"416","https://www.bathrobepon.de","","2","0","1","0"
"417","https://blochert.com","2022-12-19 10:37:00","1","2","1","0"
"418","https://rikshifashions.ch","","2","2","1","1"
"419","https://easywalker.com","2001-02-05 11:36:00","0","2","1","1"
"420","https://www.angeljuicers.eu/en","","2","0","1","1"
"421","https://www.mencategory.com","2023-03-25 07:33:00","1","0","1","0"
"422","https://pflanz-stein.de","","2","3","1","0"
"423","https://unipillz.com","2017-10-22 18:32:00","0","0","1","0"
"424","https://www.condor.es/home-2","","2","2","1","1"
"425","https://www.ukswimwear.com","2002-08-11 06:25:00","0","2","1","1"
"426","https://www.beachflags.com/en","2002-04-15 12:29:00","0","2","1","1"
"427","https://www.morebicycle.com","2023-07-19 09:25:00","1","0","1","0"
"428","https://www.bobshop.com/en","1999-01-27 05:00:00","0","2","1","1"
"429","https://www.max-healthcarerx.com","2020-06-01 17:00:00","0","0","0","0"
"430","https://maritamoreno.com","2015-02-23 11:31:00","0","2","1","1"
"431","https://alles-motokultur.de","","2","2","1","0"
"432","https://www.herrentops.de","","2","0","1","0"
"433","https://stylian.net","2014-10-13 06:25:00","0","2","1","1"
"434","https://www.dille-kamille.com","2001-02-23 00:00:00","0","2","1","1"
"435","https://www.ponsetionsale.com","2023-05-17 06:48:00","1","0","1","0"
"436","https://www.pme-legend.com","2006-02-07 21:32:00","0","2","1","1"
"437","https://www.tomsona.lt","2018-01-16 00:00:00","0","2","1","1"
"438","https://www.storedining.com","2023-03-06 02:52:00","1","0","0","0"
"439","https://www.asalecmatalan.com","2023-03-06 00:00:00","1","0","0","0"
"440","https://www.senukai.lt","1997-11-20 00:00:00","0","0","1","1"
"441","https://www.bath-sale.com","2022-11-03 03:48:00","1","0","1","0"
"442","https://www.escentual.com","2002-03-27 12:32:00","0","2","1","1"
"443","https://www.edperm.com","2023-03-17 10:59:00","1","0","1","0"
"444","https://store.acer.com/index.htm","1994-09-07 04:00:00","0","0","1","1"
"445","https://www.gunsambino.com","2023-02-17 11:04:00","1","2","1","0"
"446","https://www.cleansale24.com","2020-06-04 08:08:00","0","2","1","1"
"447","https://www.tennis-total.com","2023-06-14 06:36:00","1","0","0","0"
"448","https://www.makenewoutdoor.com","2023-04-11 00:00:00","1","0","1","0"
"449","https://enerimonsters.it","2019-10-31 19:58:00","0","2","1","1"
"450","https://www.america-today.com/nl-n","1997-03-11 05:00:00","0","2","1","1"
"451","https://www.swimcouturex.com","2023-06-07 00:00:00","1","0","1","0"
"452","https://e-marilyn.eu","","2","3","1","1"
"453","https://lovebug.ie","2020-06-11 00:00:00","0","2","0","1"
"454","https://www.hydrogearworld.com","2023-05-24 00:00:00","1","0","0","0"
"455","https://trinitylivestockfarm.co.za","2023-06-08 00:00:00","1","2","0","0"
"456","https://buypills.online","2022-11-13 08:27:00","1","0","1","0"
"457","https://www.fertigmontiert.com","2023-05-13 07:34:00","1","0","1","0"
"458","https://nezliving.com","2019-03-10 19:29:00","0","2","1","1"
"459","https://www.vogueonlinestore.com","2023-08-17 08:43:00","1","0","1","0"
"460","https://www.marketusgear.com","2023-03-29 03:32:00","1","0","1","0"
"461","https://www.inoqd.com","2023-06-28 09:24:00","1","3","0","0"
"462","https://floh.com","2001-11-17 00:39:00","0","2","1","1"
"463","https://www.lampsorlights.com","2023-06-27 06:24:00","1","0","1","0"
"464","https://www.empinio24.de","","2","3","1","1"
"465","https://www.lalingeriedesrondes.com","2008-03-07 09:45:00","0","0","1","1"
"466","https://faitsdarmes.com/en","2013-05-16 11:32:00","0","2","1","1"
"467","https://browin.com","2013-09-21 18:04:00","0","3","1","1"
"468","https://highlandpharms.com","2015-01-09 20:45:00","0","0","1","1"
"469","https://turbinegeneratorengines.co.za","2023-05-16 00:00:00","1","2","1","0"
"470","https://drogenbestellenshop.com","2023-06-15 00:40:00","1","1","1","0"
"471","https://www.makerist.com","2013-05-21 15:57:00","0","0","1","1"
"472","https://www.space-tennis.com","2023-06-14 06:36:00","1","0","0","0"
"473","https://www.motorcyclecastlex.com","2023-07-21 06:21:00","1","0","1","0"
"474","http://www.aloevera.lt","2014-12-09 00:00:00","0","2","1","1"
"475","https://www.idealo.co.uk","2000-07-02 00:00:00","0","0","1","1"
"476","https://www.new-walls.com","2016-06-13 16:20:00","0","2","1","1"
"477","https://www.ambushcheap.com","2023-07-21 00:00:00","1","0","1","0"
"478","https://www.westminsterflowersandgifts.com","2004-06-18 11:42:00","0","1","1","1"
"479","https://kusemo.com","2023-04-03 00:00:00","1","2","1","0"
"480","https://www.fieldstyleus.com","2023-07-24 00:00:00","1","0","1","0"
"481","https://www.malluscosmetics.com","2023-05-11 07:07:00","1","0","1","0"
"482","https://movera.lt","2018-06-26 00:00:00","0","2","1","1"
"483","https://oliver.lt","2018-05-08 00:00:00","0","2","1","1"
"484","https://www.durablelady.com","2023-05-15 02:56:00","1","0","1","0"
"485","https://optsummerfinery.com","2023-05-15 07:03:00","1","0","0","0"
"486","https://www.kabum.com.br","","0","0","1","1"
"487","https://www.leisure-bagssales.com","2023-06-03 06:35:00","1","0","0","0"
"488","https://808sian.com","2020-09-16 08:43:00","0","2","1","1"
"489","https://www.dofashionha.com","2023-06-08 00:00:00","1","0","1","0"
"490","https://www.kids-premium.com","2023-06-29 08:09:00","1","0","1","0"
"491","https://verkauf-scooter.com","2023-07-17 10:00:00","1","2","0","0"
"492","https://degartenland.com","2023-03-25 16:58:00","1","0","0","0"
"493","https://magyarviagra.com","2022-02-08 08:46:00","0","0","1","0"
"494","https://www.suitsuit.com","2009-04-15 18:31:00","0","2","1","1"
"495","https://www.footwear-new.com","2023-04-21 00:00:00","1","0","0","0"
"496","https://delozastore.de","","2","1","1","0"
"497","https://www.shopladybag.com","2023-07-21 02:16:00","1","0","1","0"
"498","https://mioki.lt","2017-08-02 00:00:00","0","2","1","1"
"499","https://brookseu.vip","2023-07-30 00:00:00","1","3","0","0"
"500","https://generalautospares.com","2023-03-23 15:12:00","1","2","1","0"
"501","https://evolvebham.com","2014-09-11 00:04:00","0","2","1","1"
"502","https://hollywoodstyle.cz","2011-01-28 14:19:00","0","2","1","1"
"503","https://www.cozyhometools.com","2023-07-07 00:00:00","1","0","1","0"
"504","https://www.besteonlineapotheke.com","2019-10-12 14:06:00","0","3","0","0"
"505","https://edfarm.it","2019-04-24 19:35:00","0","0","1","0"
"506","https://www.existwedding.com","2023-08-16 01:37:00","1","0","1","0"
"507","https://www.handytoolpro.com","2023-07-13 06:36:00","1","0","1","0"
"508","https://www.1rx-pharmacy.com","2015-02-06 11:16:00","0","0","1","0"
"509","https://www.masaltos.com/es","2005-01-26 10:30:00","0","2","1","1"
"510","https://coco-kick.cc","2022-11-19 04:01:00","1","0","1","0"
"511","https://www.loveladiesaccessories.com","2023-03-21 00:00:00","1","0","0","0"
"512","https://gbhxe.site","2023-07-27 00:00:00","1","2","0","0"
"513","https://www.siteusefultool.com","2023-07-20 06:04:00","1","0","0","0"
"514","https://surfbuddiesnew.com","2023-05-18 07:16:00","1","0","1","0"
"515","https://www.badgepoint.com/de","1999-08-06 18:48:00","0","2","1","1"
"516","https://www.brandtoiletries.com","2023-06-16 07:40:00","1","0","1","0"
"517","https://www.linens-chic.com","2023-05-17 02:29:00","1","0","0","0"
"518","https://www.bunzlaucastle.com","2007-11-14 12:23:00","0","2","1","1"
"519","https://www.outdoorline.sk/en","2012-05-30 00:00:00","0","2","1","1"
"520","https://www.livingandcompany.com/en","2013-11-12 18:10:00","0","0","1","1"
"521","https://www.omniteksas.lt/lt","2021-08-27 00:00:00","0","2","1","1"
"522","https://www.analytics-shop.com","2010-07-19 14:30:00","0","2","1","1"
"523","https://www.fallers.ie","2000-05-30 00:00:00","0","2","1","1"
"524","https://www.lahve-a-sklenice.cz","2012-02-22 20:07:00","0","0","1","1"
"525","https://www.showroomprive.pt","","0","0","1","1"
"526","https://hobbyshop.lt","2007-02-14 00:00:00","0","3","1","1"
"527","https://www.deverkauffahrrad.com","2023-05-16 11:25:00","1","0","0","0"
"528","https://www.ridestore.com","2005-08-03 18:21:00","0","2","1","1"
"529","https://www.petstop.ie","1997-12-16 00:00:00","0","2","1","1"
"530","https://www.lovatieses.lt/lt","2013-11-21 00:00:00","0","2","1","1"
"531","https://www.cutshopcentral.com","2023-05-19 05:48:00","1","0","1","0"
"532","https://www.everyswimsuit.com","2023-05-15 07:16:00","1","0","1","0"
"533","https://www.artexcellene.com","2022-10-17 09:49:00","1","3","0","0"
"534","https://www.cdo-forum-germany.de","","2","3","1","0"
"535","https://dopplerschirme.com/de","2001-01-02 14:38:00","0","0","1","1"
"536","https://www.stylishsirenshop.com","2023-05-22 09:04:00","1","0","1","0"
"537","https://www.foodixs.com","2023-05-26 07:01:00","1","0","1","0"
"538","https://www.knivesolamic.com","2023-03-21 00:00:00","1","0","0","0"
"539","https://fearlessgreatpyrenees.com","2022-10-27 08:07:00","1","2","1","0"
"540","https://www.usepicsurfing.com","2023-05-15 06:16:00","1","0","1","0"
"541","https://lingrid.lt","2021-11-30 00:00:00","0","2","1","1"
"542","https://www.juta.lt","2000-06-07 00:00:00","0","2","1","1"
"543","https://www.barrypackaging.com","2001-02-20 17:16:00","0","2","1","1"
"544","https://www.sterilamo.com","2023-05-27 11:23:00","1","1","1","1"
"545","https://cleaned4you.com","2009-01-25 20:06:00","0","0","1","1"
"546","https://www.field-baseball.com","2023-07-25 00:00:00","1","0","1","0"
"547","https://www.ihrearztonline.com","2021-02-10 14:13:00","0","0","1","0"
"548","https://www.toolisspro.com","2023-07-18 02:27:00","1","0","1","0"
"549","https://losdetallesdetuboda.com","2013-06-13 12:20:00","0","2","1","1"
"550","https://www.coccinellefashion.com","2010-06-04 15:30:00","0","2","1","1"
"551","https://yourselfapparel.com/en","2010-05-15 00:46:00","0","1","1","1"
"552","https://www.avenolife.pl","2014-05-12 23:25:00","0","2","1","1"
"553","https://hobbycutlery.com","2023-05-06 00:00:00","1","0","1","0"
"554","https://fafrinog.pt","","2","2","1","1"
"555","https://max-steroids.com","2022-09-05 19:22:00","1","0","1","0"
"556","https://www.fivland.com","2023-06-02 00:00:00","1","1","1","0"
"557","https://www.masterfisch.eu/en","","2","3","1","1"
"558","https://www.marliesdekkers.com","2003-04-11 18:15:00","0","0","1","1"
"559","https://www.carrerajeans.com","2000-01-13 00:00:00","0","2","1","1"
"560","https://www.officechair-4u.com","2011-05-06 16:25:00","0","2","1","1"
"561","https://www.laptop-akkus.eu","","2","1","1","0"
"562","https://www.gifthobby.com","2023-07-27 08:20:00","1","0","0","0"
"563","https://www.rabbettesfurniture.ie","2016-03-16 00:00:00","0","1","1","1"
"564","https://www.fishingoptimal.com","2023-07-19 00:00:00","1","0","1","0"
"565","https://www.chicloverplusize.com","2023-06-19 06:35:00","1","0","1","0"
"566","https://e-zoo.lt","2020-12-22 00:00:00","0","2","1","1"
"567","https://royal-present.com","2012-06-13 15:07:00","0","1","1","1"
"568","https://gearfreak.se","2021-02-03 00:00:00","0","1","1","1"
"569","https://euronics.ie","2006-08-28 00:00:00","0","2","1","1"
"570","https://www.arredatutto.com","2011-04-11 00:00:00","0","2","1","1"
"571","https://studioriviera.de","","2","2","1","1"
"572","https://www.sportstorepro.com","2023-07-19 06:59:00","1","0","1","0"
"573","https://www.hotsalethebike.com","2023-07-20 00:00:00","1","0","1","0"
"574","https://meryancor.com/en","2004-02-05 10:52:00","0","2","1","1"
"575","https://www.underweardistrict.nl/en","2021-02-03 00:00:00","0","3","1","1"
"576","https://vogueformal.com","2023-05-06 09:27:00","1","0","1","0"
"577","https://tinystories.nl","2017-04-08 00:00:00","0","2","1","1"
"578","https://equizoneonline.com","2015-12-02 17:08:00","0","2","1","1"
"579","https://www.bilbishop.com","2023-06-23 05:33:00","1","0","0","0"
"580","https://www.buychildus.com","2023-05-11 00:00:00","1","0","1","0"
"581","https://www.axiogenesis.com","2000-06-12 21:34:00","0","0","1","0"
"582","https://www.bseoyol.shop","2023-03-16 08:05:00","1","0","0","0"
"583","https://visio-official.com","2021-09-21 11:18:00","0","2","1","1"
"584","https://www.bikeforword.com","2023-06-05 00:00:00","1","0","1","0"
"585","https://www.itemdohome.com","2023-05-29 00:00:00","1","0","1","0"
"586","https://www.cutrin.lt/lt","2019-10-01 00:00:00","0","0","1","1"
"587","https://www.filmmakaz.shop","","2","3","1","1"
"588","https://www.esprit.co.uk","2006-09-05 00:00:00","0","2","1","1"
"589","https://www.qvc.com","1994-11-16 05:00:00","0","2","1","1"
"590","https://www.fuerstenberg-porzellan.com","1998-01-30 05:00:00","0","2","1","1"
"591","https://www.goodsmsvogue.com","2023-03-24 11:55:00","1","0","0","0"
"592","https://www.intenseoutside.com","2023-05-08 00:00:00","1","0","0","0"
"593","https://www.fahrradpumpende.com","2023-05-08 08:33:00","1","0","1","0"
"594","https://www.hockeybetter.com","2023-07-21 06:01:00","1","0","1","0"
"595","https://www.shutterfly.com","1999-07-07 21:01:00","0","0","1","1"
"596","https://www.littledreamersshop.com","2023-06-16 07:47:00","1","0","1","0"
"597","https://www.freshlabels.com","2006-11-09 02:52:00","0","2","1","1"
"598","https://shoeathletics.com","2023-05-12 06:18:00","1","0","0","0"
"599","https://usplaythings.com","2023-05-09 02:48:00","1","0","1","0"
"600","https://sandsationalsparkle.com","2009-03-31 17:52:00","0","2","1","1"
"601","https://www.runfitfrenzy.com","2023-07-24 02:51:00","1","0","0","0"
"602","https://vinaigerprosuppliers.com","2023-03-14 00:00:00","1","2","1","0"
"603","https://boisvignon.com","2023-06-21 13:16:00","1","2","1","0"
"604","https://www.elektroklelimp.com","2022-10-19 02:18:00","1","0","1","0"
"605","https://cingomma.com","2011-02-01 09:34:00","0","2","0","1"
"606","https://www.fragrancedirect.co.uk","1999-05-26 00:00:00","0","1","1","1"
"607","https://www.battingzonedirect.com","2023-07-19 00:00:00","1","0","0","0"
"608","https://www.boots.com","1995-06-06 04:00:00","0","1","1","1"
"609","https://www.guidomaggi.com","2012-02-13 00:00:00","0","3","1","1"
"610","https://blissoma.com","2012-12-21 00:18:00","0","2","1","1"
"611","https://360commoditysolutions.com","2022-10-31 17:47:00","1","2","1","0"
"612","https://www.bathroomkitshop.com","2023-08-03 03:02:00","1","0","1","0"
"613","https://gamecardshop.com","2001-06-09 20:16:00","0","2","1","1"
"614","https://avfx.eu","","2","3","1","1"
"615","https://www.buymasonrytool.com","2023-07-10 03:34:00","1","0","1","0"
"616","https://www.babythrust.com","2022-10-19 02:07:00","1","0","1","0"
"617","https://www.nicestylish.com","2023-07-06 00:00:00","1","0","1","0"
"618","https://www.evertonspa.it","2000-12-22 00:00:00","0","2","1","1"
"619","https://shieldapparels.com","2016-02-14 00:00:00","0","2","1","1"
"620","https://www.originalmuranoglass.com","2013-12-04 09:45:00","0","2","1","1"
"621","https://fussmatten-welt.de","","2","2","1","1"
"622","https://levitraeurope.com","2015-08-14 11:34:00","0","0","0","0"
"623","https://www.adi-trade.com","2022-10-28 14:31:00","1","2","1","0"
"624","https://www.dcskaterschuhe.de","","2","0","0","0"
"625","https://www.partyverhuurzuidplas.nl","2010-01-07 00:00:00","0","2","1","1"
"626","https://www.mountainexperience.it/it","2007-01-22 00:00:00","0","2","1","1"
"627","https://www.hvsolpkemieste.de","","2","0","1","0"
"628","https://www.guitarssales.com","2023-05-04 03:33:00","1","0","1","0"
"629","https://www.feelgoodcontacts.ie","2015-03-06 00:00:00","0","2","1","1"
"630","https://developingplaza.com","2021-03-29 10:54:00","0","1","1","0"
"631","https://bagenjoy.com","2023-05-06 00:00:00","1","0","1","0"
"632","https://www.freezedriedandco.com","2018-06-28 12:12:00","0","3","1","1"
"633","https://www.tradera.com","1999-02-20 05:00:00","0","2","1","1"
"634","https://www.swimsunseekeroff.com","2023-05-20 05:51:00","1","0","0","0"
"635","https://www.apparelusmen.com","2023-06-30 10:34:00","1","0","1","0"
"636","https://www.karpfenrutengeschaft.com","2023-05-19 09:58:00","1","0","1","0"
"637","https://knirps.com","1999-07-05 17:13:00","0","0","1","1"
"638","https://www.eibabo.com/e","2016-06-14 14:45:00","0","0","1","1"
"639","https://transactcontainers.co.za","2020-08-13 00:00:00","0","2","1","0"
"640","https://www.cbtwohousehold.com","2023-06-12 02:00:00","1","0","1","0"
"641","https://www.beaubags.com","2009-07-01 19:35:00","0","2","1","1"
"642","https://www.kamagra-shqip.com","2023-02-26 04:24:00","1","0","1","0"
"643","https://www.winkelstraat.nl","1997-09-23 00:00:00","0","0","1","1"
"644","https://physiosupplies.ie","2020-09-11 00:00:00","0","2","1","1"
"645","https://www.comunelloshop.it","2013-06-19 15:33:00","0","2","1","1"
"646","https://au-meds.com","2020-10-28 15:34:00","0","0","1","0"
"647","https://flammkuchen24.shop","","0","3","1","1"
"648","https://www.harrycorry.com","1999-08-17 11:47:00","0","2","1","1"
"649","https://www.aprmsshop.com","2023-06-23 05:31:00","1","0","0","0"
"650","https://www.mpereur.com","2015-10-01 09:38:00","0","0","1","1"
"651","https://www.fashionflairr.com","2023-05-17 03:19:00","1","0","1","0"
"652","https://nolofashion.com","2012-01-11 14:48:00","0","1","1","1"
"653","https://www.ornamentli.com","2023-06-01 03:20:00","1","0","0","0"
"654","https://www.impellerde.com","2023-04-21 01:40:00","1","0","1","0"
"655","https://www.boden.co.uk","1997-08-05 00:00:00","0","0","1","1"
"656","https://pillen-apotheek.com","2023-07-17 18:44:00","1","0","1","0"
"657","https://dumtakis.lt","2012-06-18 00:00:00","0","1","1","1"
"658","https://www.lightonsal.com","2023-06-29 02:00:00","1","0","0","0"
"659","https://computeroutlet.it","2006-02-07 00:00:00","0","2","1","1"
"660","https://www.forsalemusic.com","2023-05-11 00:00:00","1","0","1","0"
"661","https://eu.directactiongear.com","2013-10-21 00:39:00","0","3","1","1"
"662","https://www.belle-tool.com","2023-07-18 00:00:00","1","0","0","0"
"663","https://www.sportusproducts.com","2023-04-14 03:39:00","1","0","1","0"
"664","https://www.suppastore.com","2012-05-18 10:03:00","0","0","1","1"
"665","https://www.lolitamoda.pt","","0","2","1","1"
"666","https://www.kalango.com","2004-05-30 18:21:00","0","0","1","1"
"667","https://novafon.com/e","2002-06-17 18:12:00","0","0","1","1"
"668","https://www.fledbag.com","2016-10-06 22:08:00","0","2","1","1"
"669","https://www.siteustrendy.com","2023-07-24 07:16:00","1","0","1","0"
"670","https://www.juicydesigner.com","2023-02-11 03:08:00","1","0","1","0"
"671","https://www.lasporitiva.com","2023-06-12 07:10:00","1","3","1","0"
"672","https://www.sportyartsbv.com","2021-07-18 00:00:00","0","2","1","0"
"673","https://www.magee1866.com/Mobile","2012-01-27 12:32:00","0","3","1","1"
"674","https://sveameks.lt","2022-10-11 00:00:00","1","0","1","1"
"675","https://www.thetoyshop.com","1996-08-08 04:00:00","0","0","1","1"
"676","https://eustore.ifixit.com","2001-02-14 13:14:00","0","3","1","1"
"677","https://www.addsk.com","2014-10-15 10:02:00","0","0","1","1"
"678","https://www.fahrradersde.com","2023-05-13 03:20:00","1","0","1","0"
"679","https://www.civicgreat.club","2023-01-14 00:00:00","1","3","0","0"
"680","https://www.bicycle-clearance.com","2023-04-19 00:00:00","1","0","1","0"
"681","https://www.saleladyfad.com","2023-05-15 08:50:00","1","0","1","0"
"682","https://www.louiscopeland.com","1998-06-18 00:00:00","0","3","1","1"
"683","https://www.homecjzsh.com","2023-02-09 08:58:00","1","0","0","0"
"684","https://www.europeangeneric.com","2015-11-17 14:09:00","0","0","1","0"
"685","https://www.canadian-cheaprx.com","2020-06-01 17:00:00","0","0","0","0"
"686","https://www.gearpedalup.com","2023-06-19 06:47:00","1","0","1","0"
"687","https://solingen24.com","2014-02-17 08:45:00","0","2","1","1"
"688","https://biomed.lt/lt","2014-02-23 00:00:00","0","2","1","1"
"689","https://www.lasportivaonl.cc","2023-06-25 06:32:00","1","3","0","0"
"690","https://www.fashionusregion.com","2023-07-06 00:00:00","1","0","1","0"
"691","https://www.toolproselling.com","2023-06-30 09:32:00","1","0","0","0"
"692","https://revolutionaryfireams.com","2022-03-23 12:44:00","0","2","1","0"
"693","https://kilkennydesign.com","1999-03-10 05:00:00","0","3","1","1"
"694","https://a1apotheke.com","2018-12-04 11:46:00","0","0","1","0"
"695","https://www.gartenrabatt.com","2022-10-15 08:10:00","1","0","1","0"
"696","https://www.btfmin.shop","2022-10-03 10:54:00","1","2","0","0"
"697","https://www.anhangershop24.com","2023-01-17 17:54:00","1","2","1","0"
"698","https://www.limitedwomen.com","2023-03-17 00:00:00","1","0","0","0"
"699","https://eventaquatics.com","2023-05-08 00:00:00","1","0","1","0"
"700","https://goodpricedrugs.com","2021-07-22 09:15:00","0","0","1","0"
"701","https://goodlook.shop","2018-08-11 09:21:00","0","3","1","0"
"702","https://alena-home.cz","","0","2","1","1"
"703","https://famozdealz.de","","2","0","1","0"
"704","https://www.discountbloc.ru","2023-06-14 05:34:00","1","3","0","0"
"705","https://magicoa.co","2023-04-15 00:00:00","1","2","1","0"
"706","https://www.vaterschaftstest24.de","","2","0","1","1"
"707","https://essentiellamp.com","2023-05-05 00:00:00","1","0","1","0"
"708","https://lt.sportsdirect.com","1996-02-11 05:00:00","0","0","1","1"
"709","https://ikonisch.pt","","2","2","1","1"
"710","https://www.cherieboutique.it","2019-05-17 18:17:00","0","1","1","1"
"711","https://www.heals.com","2000-01-11 13:30:00","0","3","1","1"
"712","https://www.groundiesshop.at","","2","0","1","0"
"713","https://www.creoven.eu","","2","3","1","1"
"714","https://www.tartaruguita.pt","","2","2","1","1"
"715","https://www.cowboystiefel-shop.com","2005-12-06 14:35:00","0","2","1","1"
"716","https://www.brandnewinfad.com","2023-04-07 00:00:00","1","0","1","0"
"717","https://www.merchandisingplaza.com.au","","2","3","1","1"
"718","https://globaltechindustries.co.za","2023-06-06 00:00:00","1","2","0","0"
"719","https://amybella.online","2023-03-15 18:51:00","1","2","0","0"
"720","http://medicineronline.net","2017-03-24 09:58:00","0","0","0","0"
"721","https://lekaren-slovenska247.com","2022-06-27 15:51:00","1","0","1","0"
"722","https://tradeimportcoltd.com","2023-02-08 05:56:00","1","2","1","0"
"723","https://elitwelpen.de","","2","3","1","0"
"724","https://steadfastspl.com","2015-12-17 12:49:00","0","2","1","1"
"725","https://www.lecuine.com","2010-10-18 10:30:00","0","0","1","1"
"726","https://www.clothingqiu.com","2023-06-05 00:00:00","1","0","0","0"
"727","https://www.bikingears.com","2023-06-08 00:00:00","1","0","1","0"
"728","https://www.did.ie","2001-04-03 00:00:00","0","2","1","1"
"729","https://www.bikeworld.ie","1998-03-12 00:00:00","0","0","1","1"
"730","https://www.michidamato.com","2016-04-14 08:06:00","0","2","1","1"
"731","https://candlemania.ie","2010-10-12 00:00:00","0","2","1","1"
"732","https://store.inoutcooking.com/pt","2014-01-29 14:08:00","0","1","1","1"
"733","https://www.fashion-boots.com","2002-11-11 19:16:00","0","2","1","1"
"734","https://ltvaikas.lt/lt","2009-12-02 00:00:00","0","2","1","1"
"735","https://www.fanwish.cn","2016-09-22 11:50:00","0","0","1","0"
"736","https://www.enzorepublika.cz","","0","2","1","1"
"737","https://petrolindustries.com","2001-11-27 13:39:00","0","2","1","1"
"738","https://www.hotelchocolat.com/u","2002-07-26 15:21:00","0","2","1","1"
"739","https://www.ss-tradingcoltd.com","2022-10-12 04:44:00","1","1","0","0"
"740","https://www.bhphotovideo.com","1996-05-14 04:00:00","0","0","1","1"
"741","https://www.asci-ipy.de","","2","3","1","0"
"742","https://www.toastgrill.de","","2","0","1","0"
"743","https://www.lasportivaeu.top","2023-05-13 00:00:00","1","3","0","0"
"744","https://www.chicballus.com","2023-05-09 01:57:00","1","0","1","0"
"745","https://www.justneedtool.com","2023-07-25 07:47:00","1","0","1","0"
"746","https://www.bakewarebrand.com","2023-03-07 09:25:00","1","0","0","0"
"747","https://www.borner.pt","","2","2","1","1"
"748","https://www.fiyo.dk","2017-03-11 00:00:00","0","2","1","1"
"749","https://www.kamagra-online-bestellen.com","2023-01-28 22:21:00","1","0","0","0"
"750","https://rebateshoesnew.com","2023-05-05 03:00:00","1","0","0","0"
"751","https://www.scharlau.com/gb","1998-01-12 05:00:00","0","2","1","1"
"752","https://wunderlich-adventure.de","","2","3","0","1"
"753","https://brottdog.com/en","2011-09-06 06:50:00","0","2","1","1"
"754","https://www.gerikatilai.lt","2019-08-20 00:00:00","0","2","1","1"
"755","https://www.debenhams.com","1997-11-13 05:00:00","0","0","1","1"
"756","https://ielm.us","2018-11-29 10:12:00","0","2","1","1"
"757","https://bmpharmacyofficial.com","2016-06-06 22:23:00","0","0","1","0"
"758","https://ortopediaemcasa.pt","","0","2","1","1"
"759","https://www.zusengus.nl","2009-10-25 00:00:00","0","2","0","1"
"760","https://www.abusfahrrad.com","2023-04-06 00:00:00","1","0","1","0"
"761","https://overtheworldmdseller.com","2019-11-28 14:22:00","0","0","0","0"
"762","https://www.wearegarcia.com","2017-11-15 10:19:00","0","2","1","1"
"763","https://www.farmspain.com","2020-11-29 04:03:00","0","0","1","0"
"764","https://www.allparts.com","1996-10-30 05:00:00","0","2","1","1"
"765","https://www.habbel-haustechnik.de","","2","3","0","0"
"766","https://www.designcabinet.biz","2009-04-21 17:30:00","0","2","1","1"
"767","https://www.fitness-order.com","2023-07-29 08:27:00","1","0","0","0"
"768","https://www.gahtoypro.com","2023-05-26 00:00:00","1","0","0","0"
"769","https://www.aqua-nobilis.com/en","2017-04-28 14:12:00","0","2","1","1"
"770","https://www.newtoolsregion.com","2023-07-18 00:00:00","1","0","0","0"
"771","https://jmcorals.com","2020-02-05 12:31:00","0","2","1","1"
"772","https://music-like.com","2023-05-16 02:59:00","1","0","0","0"
"773","https://www.michaelmurphy.ie","2000-04-11 00:00:00","0","2","1","1"
"774","https://www.abestunderwear.com","2023-05-29 00:00:00","1","0","0","0"
"775","https://www.thecope.ie","2002-01-04 00:00:00","0","2","1","1"
"776","https://logifreightshipping.com","2023-02-10 06:08:00","1","2","1","0"
"777","https://www.loveapparelus.com","2023-03-30 03:15:00","1","0","1","0"
"778","https://paulogenerators.co.za","2022-09-17 00:00:00","1","2","1","0"
"779","https://zoey-denmark.com","2017-06-19 11:25:00","0","3","1","1"
"780","https://www.gsmsignalizacija.lt","2016-08-01 00:00:00","0","0","1","1"
"781","https://www.cosplayschuhede.com","2023-06-21 05:49:00","1","0","1","0"
"782","https://aquaglowdecor.hr","2023-05-25 22:00:00","1","3","1","1"
"783","https://uk.trotec.com","2000-03-02 00:45:00","0","3","1","1"
"784","https://www.ekokolekcija.lt","2012-01-19 00:00:00","0","2","1","1"
"785","https://svelitus.lt","2018-08-10 00:00:00","0","0","1","1"
"786","https://dmours.com","2023-07-25 15:13:00","1","3","0","0"
"787","https://clarumled.com","2014-01-08 14:07:00","0","2","0","1"
"788","https://www.on-vacation.club","2016-06-12 16:19:00","0","2","1","1"
"789","https://nespresso.lt/lt","2000-05-04 00:00:00","0","0","1","1"
"790","https://www.sidabras925.lt/lt","2010-06-18 00:00:00","0","2","0","1"
"791","https://saintbasics.com","2008-10-06 07:31:00","0","2","1","1"
"792","https://www.findsportsus.com","2023-05-08 00:00:00","1","0","0","0"
"793","https://balticseeds.lt","2005-11-10 00:00:00","0","2","1","1"
"794","https://gustavconcept.com","2017-05-15 01:19:00","0","2","1","1"
"795","https://www.loveoutdooritem.com","2023-04-08 06:40:00","1","0","0","0"
"796","https://futegi.com","2023-05-12 14:45:00","1","2","0","0"
"797","https://manakas.com","2000-07-06 13:33:00","0","2","1","1"
"798","https://www.fashionablenew.com","2023-04-03 00:00:00","1","0","1","0"
"799","https://www.knife-limit.com","2023-04-13 05:53:00","1","0","1","0"
"800","https://www.edforit.com","2023-03-22 09:44:00","1","0","1","0"
"801","https://turbrand.com","2018-09-18 00:00:00","0","2","1","1"
"802","https://www.nicegolfshop.com","2023-08-12 01:59:00","1","0","1","0"
"803","https://www.knivesesee.com","2023-03-21 00:00:00","1","0","0","0"
"804","https://www.gktrlshop.com","2023-06-23 05:43:00","1","0","0","0"
"805","https://www.internet-homeandgarden.com","2018-10-10 07:31:00","0","3","1","1"
"806","https://trustedallovertheworld.com","2017-03-15 21:25:00","0","0","1","0"
"807","https://www.fanaticgeneralstore.com","2023-03-28 01:28:00","1","0","1","0"
"808","https://www.pullupcase.com/e","2010-02-08 17:27:00","0","0","1","1"
"809","https://www.basetoollimit.com","2023-06-06 00:00:00","1","0","1","0"
"810","https://www.samsonite.lt/lt","2000-01-27 00:00:00","0","2","1","1"
"811","https://www.usridingapparel.com","2023-07-26 03:37:00","1","0","1","0"
"812","https://www.derodeloper.com","2004-11-30 13:27:00","0","2","1","1"
"813","https://www.enjoyladyfad.com","2023-05-15 08:50:00","1","0","1","0"
"814","https://www.brautkleiderrabatt.com","2023-06-03 06:05:00","1","0","1","0"
"815","https://sportymenswear.com","2023-05-15 06:55:00","1","0","1","0"
"816","https://www.ownervogue.com","2023-07-06 06:43:00","1","0","1","0"
"817","https://www.moebel-glanz.de","","2","2","1","1"
"818","https://www.internet-sportandcasuals.com","2011-10-31 13:44:00","0","3","1","1"
"819","https://www.hochbeeteonlinestore.com","2023-05-03 08:09:00","1","0","0","0"
"820","https://www.besthomeyes.com","2023-06-25 04:05:00","1","0","1","0"
"821","https://www.pamelascott.com","2010-01-02 00:00:00","0","3","1","1"
"822","https://www.manualtoolguru.com","2023-07-10 09:05:00","1","0","1","0"
"823","https://dbeustore.com","2023-06-28 00:00:00","1","1","1","0"
"824","https://www.storeofferus.com","2023-07-25 07:17:00","1","0","1","0"
"825","https://gilmara.lt","2016-02-03 00:00:00","0","2","1","1"
"826","https://www.sonis.lt","2016-02-22 00:00:00","0","2","0","1"
"827","https://www.jeweloptimal.com","2023-06-28 04:34:00","1","3","0","0"
"828","https://whiskyinternationalonline.com","2015-12-03 14:50:00","0","0","1","1"
"829","https://www.brandsdemocracy.com","2020-10-05 11:19:00","0","2","1","1"
"830","https://lacabossedor.com","1999-10-22 20:52:00","0","2","0","1"
"831","https://contexture.it","2017-02-04 18:34:00","0","2","1","1"
"832","https://cranebury.com","2015-11-01 18:01:00","0","1","1","1"
"833","https://aerobicsbrand.com","2023-05-08 00:00:00","1","0","0","0"
"834","https://www.defahrrad.com","2023-04-01 04:11:00","1","0","1","0"
"835","https://www.shoeshop.ie","2009-12-02 00:00:00","0","1","1","1"
"836","https://www.landcutlery.com","2023-05-15 03:13:00","1","0","1","0"
"837","https://www.microvetgric.com","2022-10-04 00:00:00","1","2","1","0"
"838","https://kultur-bike.com","2023-05-04 11:31:00","1","2","0","0"
"839","https://www.newinsportus.com","2023-04-12 08:58:00","1","0","1","0"
"840","https://www.finechildus.com","2023-05-11 00:00:00","1","0","1","0"
"841","https://www.garrafas-e-frascos.pt","","2","0","1","1"
"842","https://www.cave-bruant.fr","2005-06-08 10:58:00","0","1","1","1"
"843","https://www.cosplaywise.com","2023-08-18 02:14:00","1","0","1","0"
"844","https://www.italian-design.nl/en","2005-11-28 00:00:00","0","2","1","1"
"845","https://www.devicezonepro.com","2023-07-28 07:01:00","1","0","1","0"
"846","https://murphylarkin.com","2009-05-28 00:00:00","0","2","1","1"
"847","https://bestpillsnetwork.com","2022-04-18 09:50:00","0","0","1","0"
"848","https://www.wearwolf.store","2019-11-16 00:00:00","0","2","1","1"
"849","https://www.euro.com.pl","1997-04-15 13:00:00","0","2","1","1"
"850","https://trendydressshop.com","2023-05-17 02:59:00","1","0","1","0"
"851","https://mrfs-store.com","2022-11-01 08:35:00","1","2","1","1"
"852","https://www.functoolslp.com","2023-06-08 00:00:00","1","0","1","0"
"853","https://shop.parasols.eu","","2","0","1","1"
"854","https://universalcontainerexpert.com","2022-09-30 13:39:00","1","2","1","0"
"855","https://www.creative-metallgestaltung.at","","2","2","1","1"
"856","https://stact.de","","2","2","1","1"
"857","https://www.stylestroller.com","2023-07-15 06:33:00","1","0","1","0"
"858","https://www.myphoenixhomesearch.com","2014-04-07 18:13:00","0","3","1","1"
"859","https://www.ersatzteilegeschaft.com","2023-04-22 02:33:00","1","0","1","0"
"860","https://www.globalptyltd.co.za","2023-02-05 00:00:00","1","2","0","0"
"861","https://welcomeyarn.pt","","2","2","1","1"
"862","https://www.kikatoys.com","2007-12-03 10:14:00","0","3","1","1"
"863","https://bestalpinism.com","2023-05-06 07:08:00","1","0","1","0"
"864","https://www.aquaticsportscp.com","2023-06-08 00:00:00","1","0","0","0"
"865","https://samarali.eu","","2","2","1","1"
"866","https://www.rewinedcandles.eu","","2","2","1","1"
"867","https://www.water-bagshop.com","2023-07-15 08:14:00","1","0","1","0"
"868","https://shop.lagazoi.it","2001-10-31 00:00:00","0","3","1","1"
"869","https://www.boldraiment.com","2023-05-10 00:00:00","1","0","1","0"
"870","https://www.euoneill.de","","2","0","0","0"
"871","https://www.hotsaletennis.com","2023-05-15 02:46:00","1","0","1","0"
"872","https://www.happychildmarket.com","2023-06-28 08:55:00","1","0","1","0"
"873","https://scorer.es/en","","2","3","1","1"
"874","https://newbagopt.com","2023-05-12 06:31:00","1","0","0","0"
"875","https://www.meagherspharmacy.ie","2010-01-26 00:00:00","0","2","1","1"
"876","https://vbchemicalsltd.com","2023-03-02 16:56:00","1","2","1","0"
"877","https://www.shade-control.com","2021-05-04 19:28:00","0","3","1","1"
"878","https://www.prodirectsport.com","2002-09-11 16:12:00","0","2","1","1"
"879","https://www.newlands.ie","2000-05-22 00:00:00","0","2","0","1"
"880","https://www.paradigit.ie","2013-04-11 00:00:00","0","2","1","1"
"881","https://www.hhv.de/shop/e","","2","2","1","1"
"882","https://www.michaelkors.de","","2","1","1","1"
"883","https://www.enamams.lt","2009-05-11 00:00:00","0","2","0","1"
"884","https://www.ola-bebe.com","2015-04-17 11:48:00","0","2","1","1"
"885","https://natos.lt/en/inde","2005-12-20 00:00:00","0","2","1","1"
"886","https://kiki-kiss-kiss.com","2011-09-03 02:00:00","0","2","1","1"
"887","https://beanbags.ie","2011-10-18 00:00:00","0","3","1","1"
"888","https://www.finesthometool.com","2023-07-26 00:00:00","1","0","1","0"
"889","https://www.reuter.com","1998-08-13 04:00:00","0","0","1","1"
"890","https://vitasciences.com","2004-08-03 18:18:00","0","2","1","1"
"891","https://www.littleyou.me","2017-04-11 08:04:00","0","0","1","1"
"892","https://oallery.com","2018-03-03 22:06:00","0","2","1","1"
"893","https://brennholz-geschaft.com","2023-03-11 09:55:00","1","2","1","0"
"894","https://www.altonaer-silberwerkstatt.de","","2","2","1","1"
"895","https://www.giftusoutdoor.com","2023-05-11 02:26:00","1","0","0","0"
"896","https://www.newlook.com/ro","1995-08-10 04:00:00","0","0","1","1"
"897","https://www.bodegaaurrera.com.mx/inici","2016-09-19 00:00:00","0","0","1","1"
"898","https://www.twoktools.com","2023-07-06 00:00:00","1","0","1","0"
"899","https://www.newtechstore.eu","","2","0","1","1"
"900","https://www.kidstruckerhat-shop.com","2023-05-17 05:49:00","1","0","1","0"
"901","https://www.3dprima.com","2013-07-11 10:51:00","0","2","1","1"
"902","https://www.wss-berlin.de","","2","0","1","1"
"903","https://www.sport-conrad.com","2004-07-21 13:50:00","0","3","1","1"
"904","https://www.getzoo.de","","2","0","1","1"
"905","https://www.fashionclothwo.com","2023-06-19 06:55:00","1","0","1","0"
"906","https://www.lasport.top","2023-06-22 00:00:00","1","3","0","0"
"907","https://www.sweatershop.com","2003-03-09 19:06:00","0","0","1","1"
"908","https://24rabatt.shop","2023-02-23 00:53:00","1","0","1","0"
"909","https://www.inishpharmacy.com","2013-04-15 15:10:00","0","2","1","1"
"910","https://foys.ie","2001-09-26 00:00:00","0","2","1","1"
"911","https://hscph.com","2018-05-16 08:34:00","0","2","1","1"
"912","https://skinshop.ie","2011-10-12 00:00:00","0","2","1","1"
"913","https://newoutward.com","2023-05-18 04:35:00","1","0","1","0"
"914","https://www.handtoolexperts.com","2023-07-07 06:59:00","1","0","1","0"
"915","https://www.healthful-online.com","2020-06-01 17:00:00","0","3","1","0"
"916","https://www.gomecks.top","2023-02-15 15:56:00","1","0","0","0"
"917","https://www.discountcartool.com","2023-07-26 01:38:00","1","0","1","0"
"918","https://premiumpillservice.com","2023-02-08 13:46:00","1","0","1","0"
"919","https://www.labq22.in","2017-08-09 15:25:00","0","0","0","0"
"920","https://www.collectionbicycle.com","2023-04-19 03:18:00","1","0","1","0"
"921","https://www.lightfamous.com","2023-08-16 07:11:00","1","0","0","0"
"922","https://landbikini.com","2023-05-17 07:58:00","1","0","0","0"
"923","https://caluaniechemicalsllc.com","2022-12-08 00:00:00","1","2","1","0"
"924","https://www.superglamourous.it","2011-10-28 12:28:00","0","1","1","1"
"925","https://abcexportgroup.co.za","2022-09-27 00:00:00","1","2","1","0"
"926","https://www.atlasformen.cz","2015-12-17 12:36:00","0","0","1","1"
"927","https://www.industrialprotool.com","2023-06-25 06:18:00","1","0","1","0"
"928","https://allbursatours.com","2013-12-27 07:41:00","0","2","1","1"
"929","https://www.sugartrends.com","2012-08-26 18:41:00","0","0","1","1"
"930","https://www.sportyglobe.com","2023-05-24 03:28:00","1","0","1","0"
"931","https://www.divinebugs.com","2019-01-23 09:53:00","0","3","1","1"
"932","https://www.usopenair.com","2023-03-22 10:50:00","1","0","1","0"
"933","https://www.cosplaysincere.com","2023-08-17 07:14:00","1","0","1","0"
"934","https://www.decoration-house.com","2023-08-09 08:23:00","1","0","1","0"
"935","https://asieboisconcept.fr","2023-01-14 00:39:00","1","2","0","0"
"936","https://www.bigdealkicks.com","2023-04-09 04:27:00","1","0","0","0"
"937","https://www.focalprice.com","2008-06-03 03:17:00","0","2","1","1"
"938","https://www.slendergoods.com","2023-05-20 01:38:00","1","0","1","0"
"939","https://kosmart.eu","","2","1","1","1"
"940","https://www.party365.se","2021-09-23 00:00:00","0","0","1","1"
"941","https://www.categoryfurniture.com","2023-06-19 03:55:00","1","0","1","0"
"942","https://lidiacrochettricot.com","2015-03-18 00:00:00","0","3","1","1"
"943","https://amofugroupholdings.com","2023-03-29 11:10:00","1","2","1","0"
"944","https://www.fischende.com","2023-05-19 07:57:00","1","0","1","0"
"945","https://johnny-urban.com","2017-05-17 15:09:00","0","3","1","1"
"946","https://www.kartalyuvasi.eu/en","","2","0","1","1"
"947","https://www.byyentl.com","2022-08-22 01:53:00","1","0","0","0"
"948","https://www.greenlinelina.de","","2","0","0","0"
"949","https://www.askopindopusat.com","2022-09-27 02:35:00","1","0","1","0"
"950","https://www.polo-motorrad.com/de-de","2003-08-05 11:13:00","0","2","1","1"
"951","https://www.trendfashionary.com","2023-04-14 03:39:00","1","0","1","0"
"952","https://www.alaskanmaker.fr/en","2016-11-08 13:16:00","0","2","1","1"
"953","https://www.vaughanshoes.ie","2014-04-09 00:00:00","0","1","1","1"
"954","https://www.gottalive.com","2005-10-14 19:29:00","0","3","1","1"
"955","https://www.electrifytools.com","2023-07-06 00:00:00","1","0","1","0"
"956","https://lespirant.com","2015-09-29 20:58:00","0","2","1","1"
"957","https://247pharm.net","2017-10-09 12:10:00","0","0","1","0"
"958","https://sunluxroofwindows.co.uk","2014-12-04 00:00:00","0","1","1","1"
"959","https://shop.ambclasse.com/passwor","2016-02-28 09:18:00","0","0","0","1"
"960","https://www.meyer-trousers.ie/en_ie","2016-12-07 00:00:00","0","3","1","1"
"961","https://www.teqoya.com","2014-07-21 18:09:00","0","2","1","1"
"962","https://www.accessoriesbetter.com","2023-02-27 00:00:00","1","0","0","0"
"963","https://www.jerseyrabatt.com","2022-05-25 01:25:00","0","0","0","0"
"964","https://hero.lt","2012-04-05 00:00:00","0","2","1","1"
"965","https://www.livingroomonsell.com","2023-08-15 07:48:00","1","0","1","0"
"966","https://www.canadian-rxpharmacy.com","2020-06-01 17:00:00","0","0","0","0"
"967","https://www.dosenprofi.com","2007-04-11 13:12:00","0","0","1","1"
"968","https://germanysolingen.com/en","2000-10-06 06:38:00","0","2","1","1"
"969","https://www.inhealth.ie","2009-01-16 00:00:00","0","2","1","1"
"970","https://www.cyclesprint.com","2023-06-30 03:33:00","1","0","1","0"
"971","https://allusmusic.com","2023-05-18 09:21:00","1","0","0","0"
"972","https://www.decathlon.co.uk","1997-03-12 00:00:00","0","0","1","1"
"973","https://www.kjus.com/us/en/hom","1999-02-15 05:00:00","0","2","1","1"
"974","https://silwy.de/e","","2","2","1","1"
"975","https://www.poweredblinds.dk","2014-09-30 00:00:00","0","0","1","1"
"976","https://www.cycleshopworld.com","2023-08-01 08:20:00","1","0","1","0"
"977","https://super-shop.com","2003-10-24 18:25:00","0","2","1","1"
"978","https://bestmedicineservice.com","2023-01-23 08:56:00","1","0","1","0"
"979","https://www.parduotuvevaikams.lt","2016-02-17 00:00:00","0","2","1","1"
"980","https://www.sanct-bernhard.com","2000-03-28 15:10:00","0","3","1","1"
"981","https://esgehtauchohnerezept.net","2023-01-20 07:15:00","1","0","1","0"
"982","https://www.fundis-equestrian.com","2020-04-15 14:02:00","0","0","1","1"
"983","https://www.blutsgeschwister.de","","2","2","1","1"
"984","https://www.erectieassistent.nl","2023-05-11 00:00:00","1","0","1","0"
"985","https://www.vercella-vita.shop","2020-08-03 07:24:00","0","0","1","1"
"986","https://www.immunepharma.com","2009-06-20 18:54:00","0","2","1","0"
"987","https://www.vhatkevada.shop","2023-03-18 00:12:00","1","0","0","0"
"988","https://www.floranza.de","","2","2","1","0"
"989","https://www.adsport.store","2019-03-11 00:00:00","0","2","1","1"
"990","https://www.chicloverplusizes.com","2023-06-19 07:08:00","1","0","1","0"
"991","https://www.lukasmullerwelpenzuhause.com","2023-03-22 00:00:00","1","2","0","0"
"992","https://www.fanthome.com/en","2014-06-09 18:47:00","0","0","1","1"
"993","https://www.keenschuhe.at","","2","0","1","0"
"994","https://www.clothesoptinfo.com","2023-05-30 06:22:00","1","0","0","0"
"995","https://irelandseyeknitwear.com","2019-05-15 17:17:00","0","3","1","1"
"996","https://got-bag.com","2016-10-20 19:05:00","0","2","1","1"
"997","https://www.fadtennis.com","2023-05-26 00:00:00","1","0","1","0"
"998","https://www.tkmaxx.com/LandingPage","1996-05-11 04:00:00","0","0","1","1"
"999","https://baitukas.lt","2001-12-06 00:00:00","0","2","1","1"
"1000","https://www.hunkemoller.se","2009-10-21 00:00:00","0","3","1","1"
"1001","https://www.overtoolbase.com","2023-07-15 03:39:00","1","0","1","0"
"1002","https://www.magrabo.com/gb","2015-03-19 09:27:00","0","3","1","1"
"1003","https://www.protest.eu/nl/n","","2","0","1","1"
"1004","https://www.obsession-shop.com/en","2020-09-02 07:09:00","0","0","1","1"
"1005","https://www.barnesandnoble.com","1995-08-10 04:00:00","0","0","1","1"
"1006","https://www.completoshop.cz","","2","2","1","1"
"1007","https://www.europe-pharm.net","2023-05-14 07:29:00","1","0","1","0"
"1008","https://competitiveoutside.com","2023-05-08 03:15:00","1","0","1","0"
"1009","https://www.proportional-dispensers.com","2017-02-28 20:13:00","0","3","1","1"
"1010","https://ourstatestore.com","2010-05-03 13:50:00","0","3","1","1"
"1011","https://www.joyfuldollies.com","2023-05-25 00:00:00","1","0","1","0"
"1012","https://www.haulageproduct.com","2023-05-22 07:59:00","1","0","0","0"
"1013","https://www.furnitoolzhub.com","2023-06-15 08:16:00","1","0","1","0"
"1014","https://www.stylehighheel.com","2023-07-20 06:07:00","1","0","1","0"
"1015","https://www.travelnet.ie","2001-12-20 00:00:00","0","2","1","1"
"1016","https://www.paninodipino.nl","2008-12-11 00:00:00","0","0","1","1"
"1017","https://horkans.ie","2012-07-17 00:00:00","0","2","1","1"
"1018","https://www.salescottonbriefs.com","2023-07-24 07:44:00","1","0","1","0"
"1019","https://sportano.hu","","2","2","1","1"
"1020","https://www.portugal-natura.com/pt","2017-07-05 09:04:00","0","2","1","1"
"1021","https://www.saleshometool.com","2023-07-26 00:00:00","1","0","1","0"
"1022","https://topeuro-shop.com","2017-03-15 21:25:00","0","0","1","0"
"1023","https://gilltry.com","2023-03-16 12:45:00","1","3","1","0"
"1024","https://megapharmnorx.com","2015-05-03 18:39:00","0","0","1","0"
"1025","https://aemster.com","2020-12-29 11:59:00","0","2","1","1"
"1026","https://hurtownia-kesi.pl","2013-05-06 10:09:00","0","2","1","1"
"1027","https://lifestyle-atelier.com/en","2020-08-05 12:41:00","0","2","1","1"
"1028","https://theshhhop.com/e","2020-04-18 12:34:00","0","2","1","1"
"1029","https://aarding.org","2016-09-03 16:16:00","0","2","1","1"
"1030","https://www.quizclothing.co.uk","1999-09-16 00:00:00","0","2","1","1"
"1031","https://juventas-vet.com","2020-06-21 11:54:00","0","2","1","1"
"1032","https://typeoptclothes.com","2023-05-17 03:35:00","1","0","0","0"
"1033","https://www.twidlachannel.com","2023-05-17 07:08:00","1","0","0","0"
"1034","https://outdoorfurniture.ie","2010-10-11 00:00:00","0","3","1","1"
"1035","https://www.pullot-ja-purkit.fi","2021-03-26 00:00:00","0","0","1","1"
"1036","https://www.apparel-mens.com","2023-01-02 07:15:00","1","0","1","0"
"1037","https://www.bikeaccessoriesneu.com","2023-04-29 07:53:00","1","0","1","0"
"1038","https://www.nineraiment.com","2023-05-21 03:45:00","1","0","1","0"
"1039","https://www.mygretchen.com","2006-08-09 10:48:00","0","2","1","1"
"1040","https://magyar-generikus.com","2022-02-08 08:47:00","0","0","1","0"
"1041","https://www.fashionrooms.com","2007-05-31 02:00:00","0","0","1","1"
"1042","https://rugbloom.com","2021-01-18 16:50:00","0","0","1","1"
"1043","https://outfitcampus.com","2023-05-08 06:12:00","1","0","0","0"
"1044","https://www.storemoen.com","2022-09-29 10:18:00","1","0","1","0"
"1045","https://www.producttophome.com","2023-05-18 09:13:00","1","0","0","0"
"1046","https://www.homeprotool.com","2023-06-19 08:07:00","1","0","0","0"
"1047","https://www.flaskelandet.dk","2012-11-06 00:00:00","0","0","1","1"
"1048","https://www.cookclearance.com","2023-03-16 00:00:00","1","0","1","0"
"1049","https://sokameja.lt","2017-09-22 00:00:00","0","2","1","1"
"1050","https://www.exhilaratsurf.com","2023-05-15 06:33:00","1","0","1","0"
"1051","https://fixpart.dk/d","2021-02-19 00:00:00","0","2","1","1"
"1052","https://www.durablelionsteel.com","2023-03-21 00:00:00","1","0","1","0"
"1053","https://www.intersport.cz","1998-04-14 02:00:00","0","2","1","1"
"1054","https://www.eevi.cz","2018-06-11 11:13:00","0","2","1","1"
"1055","https://www.credomen.com","2014-06-02 09:48:00","0","2","1","1"
"1056","https://babyelegance.com","2002-12-10 07:26:00","0","2","1","1"
"1057","https://www.futurum.cc","2013-08-03 20:19:00","0","2","1","1"
"1058","https://www.decotex.lt","2009-06-11 00:00:00","0","2","0","1"
"1059","https://bestbuycyprus.com","2012-08-07 00:00:00","0","2","1","1"
"1060","https://shop.shakaloha.com/en","2008-07-24 14:46:00","0","0","1","1"
"1061","https://littlemansrl.com","2020-12-18 15:49:00","0","1","1","1"
"1062","https://www.pramoga.lt","2013-09-05 00:00:00","0","2","1","1"
"1063","https://www.goudacheeseshop.com","2009-03-23 00:00:00","0","0","1","1"
"1064","https://www.leglove.dk/shop/frontpage.htm","2014-12-03 00:00:00","0","0","1","1"
"1065","https://www.trinkeles.lt","2009-03-05 00:00:00","0","2","1","1"
"1066","https://www.cutleryall.com","2023-05-19 08:14:00","1","0","1","0"
"1067","https://www.mistral.com","1995-05-05 04:00:00","0","0","1","1"
"1068","https://www.varle.lt","2009-07-15 00:00:00","0","2","1","1"
"1069","https://www.chasubles24.com","2015-06-26 10:14:00","0","1","1","1"
"1070","https://www.salegolfshop.com","2023-07-20 00:00:00","1","0","1","0"
"1071","https://www.floorprada.com","2022-11-14 06:42:00","1","0","1","0"
"1072","https://www.enigmacos.com","2023-05-29 00:00:00","1","0","1","0"
"1073","https://www.sturdybicycleus.com","2023-07-20 05:44:00","1","0","1","0"
"1074","https://fersenwelpenhaus.de","","2","2","0","0"
"1075","https://www.ral-farben.de","","2","3","1","1"
"1076","https://www.menhigh-level.com","2023-08-15 02:44:00","1","0","1","0"
"1077","https://www.chicwearheaven.com","2023-04-20 05:49:00","1","0","1","0"
"1078","https://cheffix.eu","","2","0","1","1"
"1079","https://www.computersalenew.com","2023-05-04 06:14:00","1","0","1","0"
"1080","https://www.kindsoftools.com","2023-06-06 00:00:00","1","0","1","0"
"1081","https://www.kamagrashop24.com","2021-07-05 10:13:00","0","0","0","0"
"1082","https://www.zalando.co.uk","2008-08-19 00:00:00","0","2","1","1"
"1083","https://www.bfarmacia.com","2020-04-13 21:52:00","0","0","0","0"
"1084","https://ivyoak.com","2017-03-14 18:14:00","0","2","1","1"
"1085","https://www.withmysunglasses.com","2015-12-03 12:01:00","0","2","1","1"
"1086","https://yndrm.bio","2023-07-27 00:00:00","1","2","0","0"
"1087","https://www.pipstudio.com","2005-06-17 15:27:00","0","2","1","1"
"1088","https://www.knivesoff.com","2023-07-19 01:53:00","1","3","1","0"
"1089","https://dakiheaven.eu","","2","2","1","1"
"1090","https://www.monsoon.co.uk","","2","2","1","1"
"1091","https://www.einfachbaby.de","","2","2","1","0"
"1092","https://useclecticshop.com","2023-05-16 05:42:00","1","0","1","0"
"1093","https://www.designsswimsuit.com","2023-06-16 08:26:00","1","0","1","0"
"1094","https://www.salecampingshop.com","2023-07-19 06:59:00","1","0","1","0"
"1095","https://www.loakeofficial.com","2023-06-11 09:32:00","1","1","0","0"
"1096","https://coffeeclick.ie","2016-06-08 00:00:00","0","2","1","1"
"1097","https://www.onsaleqsstools.com","2023-07-29 09:19:00","1","0","1","0"
"1098","https://www.fairybell.com/en","2015-09-29 18:17:00","0","2","0","1"
"1099","https://www.jbhifi.com.au","","2","0","1","1"
"1100","https://www.apharmacie.com","2021-02-17 09:34:00","0","0","1","0"
"1101","https://theamisycompany.com","2018-04-13 10:58:00","0","1","1","1"
"1102","https://www.eurocarparts.com","1999-02-25 05:00:00","0","2","1","1"
"1103","https://www.agofstore.com","2010-12-18 00:00:00","0","0","1","1"
"1104","https://www.feuerwear.com","2009-04-01 17:03:00","0","3","1","1"
"1105","https://www.kitchenwarehubde.com","2023-06-23 07:42:00","1","0","1","0"
"1106","https://www.boldano.de","","2","0","1","0"
"1107","https://weinteufel.de","","2","2","0","1"
"1108","https://www.77onlineshop.eu","","2","2","0","1"
"1109","https://www.ivabriketts.com","2022-08-15 17:42:00","1","2","1","0"
"1110","https://www.fishapparelshoe.com","2023-01-11 00:00:00","1","0","0","0"
"1111","https://www.girlstrenduk.com","2023-03-16 00:00:00","1","0","1","0"
"1112","https://www.ensuenosecuador.com","2022-11-09 03:06:00","1","0","1","0"
"1113","https://www.salemotorsports.com","2023-07-26 06:50:00","1","0","1","0"
"1114","https://potentialmill.com","2021-03-29 10:54:00","0","1","1","0"
"1115","https://www.maximilian.it/en","2000-10-26 00:00:00","0","2","1","1"
"1116","https://veloklinika.lt","2016-10-14 00:00:00","0","2","1","1"
"1117","https://www.medikos.lt","2013-06-07 00:00:00","0","2","1","1"
"1118","https://www.vynokerai.lt","2020-08-11 00:00:00","0","2","1","1"
"1119","https://store.dji.com/l","1996-01-16 05:00:00","0","3","1","1"
"1120","https://www.emporiumcosplay.com","2023-06-30 03:27:00","1","0","1","0"
"1121","https://www.chasin.com","2000-02-23 09:08:00","0","2","1","1"
"1122","https://patakhay.com","2023-07-14 08:18:00","1","0","0","0"
"1123","https://www.scandinavian-lifestyle.de","","2","2","1","1"
"1124","https://q2wholesale.nl","2014-02-11 00:00:00","0","2","1","1"
"1125","https://sockwell.eu","","2","2","1","1"
"1126","https://mythsandmagic.myshopify.com","2006-03-03 03:01:00","0","1","1","1"
"1127","https://cottonstories.pl","2020-04-23 19:17:00","0","2","1","1"
"1128","https://fabrap.co","2018-10-09 10:24:00","0","2","1","1"
"1129","https://www.knitwearonlienshop.com","2023-07-27 04:53:00","1","0","1","0"
"1130","https://nikinclothing.com","2017-02-01 23:41:00","0","2","1","1"
"1131","https://www.gardentoolhome.com","2023-07-03 00:00:00","1","0","1","0"
"1132","https://www.chichomeitem.com","2023-06-21 06:35:00","1","3","1","0"
"1133","https://www.adventuregearup.com","2023-07-07 00:00:00","1","0","1","0"
"1134","https://sportfits.eu","","2","2","1","1"
"1135","https://www.tinneystoys.com","2014-05-13 16:16:00","0","0","1","1"
"1136","https://kalistara.lt","2015-01-30 00:00:00","0","0","0","1"
"1137","https://www.allkindsoftools.com","2023-06-05 00:00:00","1","0","1","0"
"1138","https://www.arlton.shop","","0","3","1","0"
"1139","https://www.ghingwala.shop","","0","0","0","0"
